spe.ID,Sample_File,.alpha.-Amino-.gamma.-butyrolactone,"1,1'-Bicyclohexyl, 4-methyl-4'-pentyl-","1,1-Diethoxycyclohexane","1,2,3-Benzotriazin-4(3H)-one, 3-[(3-fluorophenyl)methyl]-","1,2,4,5-Tetrazine, 3,6-bis(1,1-dimethylethyl)-","1,2,5-Trimethylpyrrole","1,2-Cyclopentanedicarboxylic acid, 4-ethylidene-, dimethyl ester","1,2-Dimethoxy-ethene","1,2-Ethanediamine, N'-ethyl-N,N-dimethyl-","1,2-Ethanediol, monoformate","1,2-Propanediol, 3-methoxy-","1,3,2-Oxathiaborole, 2-ethyl-","1,3-Cyclohexanediamine","1,3-Diazine","1,3-Dioxane, 2-methyl-","1,3-Dioxol-2-one","1,3-Dioxolane, 2-hexyl-","1,3-Propanediamine","1,4 Benzodioxan-6-amine","1,4-Oxathiin, 2,3-dihydro-6-methyl-",1-(2-Methylallyl)azetidine,1-(2-Propen-1-yloxy)dodecane,"1-(3-Hydroxy-3-methylbutyl)-3,6-diazahomoadamantan-9-one","1-Butanol, 2-methyl-, (S)-","1-Heptanol, 6-methyl-",1-Methyl-2-phenylcyclopropane,1-Nitro-2-propanone,"1-Propanol, 2-chloro-2-methyl-","1-Propene, 2-methyl-3-(1-methylethoxy)-","1-Propene, 3,3-dichloro-","1H-Indazol-5-amine, 3-methyl-","1H-Indene, octahydro-2,2,4,4,7,7-hexamethyl-, trans-","1H-Indole, 5-fluoro-","1H-Pyrazole, 4,5-dihydro-4,5-dimethyl-",1H-Tetrazol-5-amine,"2(5H)-Furanone, 5-(2-hydroxyethylidene)-","2,2'-(2,2'-Oxybis(ethane-2,1-diyl)bis(oxy))bis(ethane-2,1-diyl) bis(3-methylbutanoate)","2,2'-Oxybis(ethane-2,1-diyl) bis(2-methylbutanoate)","2,2-Diethoxyacetophenone","2,3-Butanediol, [R-(R*,R*)]-","2,3-Dimethyldodecane","2,4,6-Trimethyl-1,5-diazabicyclo[3.1.0]hexane","2,5-Dimethylpyrimidine","2,6-Bis(2-methylpropyl)pyrazine","2,6-Dimethyl-6-nitro-2-hepten-4-one","2,6-Octadiene, 3,7-dimethyl-1-(2-propenyloxy)-","2,9-Diazabicyclo[4.4.0]decane, cis-",2-(1-Cyclopentenyl)furan,2-(1H-Pyrazol-3-yl)acetaldehyde,"2-(5-Furan-2-yl-[1,3,4]oxadiazol-2-ylsulfanyl)-N,N-dimethyl-acetamide",2-(Trimethylacetyl)thiophene,2-Amino-4-methyl-oxazole,"2-Butanamine, 3,3-dimethyl-",2-Butene ozonide,"2-Butenoic acid, 2-methyl-, 1-methylethyl ester, (Z)-","2-Butenoic acid, 3-methyl-, 2-methylpropyl ester",2-Chloro 5-chloromethylthiophene,2-Chlorobenzimidazole,"2-Decene, 7-methyl-, (Z)-","2-Ethyl-1-hexanol, methyl ether","2-Ethyl-1-hexanol, trifluoroacetate","2-Heptanol, 5-ethyl-","2-Hexanone, 3-methyl-4-methylene-",2-Hexenoic acid,"2-Hexenoic acid, 3-hexenyl ester, (E,Z)-","2-Hydroxy-2,5-dimethyl-hept-6-en-3-one",2-Isopropenyl-3-methylpyrazine,2-Isopropoxyethylamine,2-Isopropyl-5-oxohexanal,2-Isopropylpyrazine,"2-Methoxy-3-methyl-butyric acid, methyl ester","2-Naphthalenecarboxaldehyde, 3-hydroxy-5-methyl-8-(1-methylethyl)-","2-Octanol, 3-methyl-","2-Pentene, 5-butoxy-, (E)-","2-Propanol, 1-isopropoxy-2-methyl-","2-Propanone, 1,1-dipropoxy-","2-Propenoic acid, 2-methyl-, propyl ester","2-Propenoic acid, 3,3,4,4,5,5,6,6,7,7,8,8,9,9,10,10,10-heptadecafluorodecyl ester","2-Propenoic acid, ethenyl ester",2-Propyl-1-pentanol,"2-Propyl-1-pentanol, methyl ether","2-Propyn-1-amine, N,N-di-2-propynyl-","2-Propyn-1-ol, acetate","2-Pyrazoline, 1-butyl-5-methyl-","2-Pyrazoline, 4-ethyl-1-methyl-","3,4-Dichloro-1,2,5-thiadiazole","3,4-Hexanedione, 2,2,5-trimethyl-","3,5-Dimethyl-4-octanone","3,5-Dimethyldodecane","3,5-Heptanedione, 2,4,6-trimethyl","3-Butoxy-2,4-dimethyl-1-pentene","3-Decene, 2,2-dimethyl-, (E)-","3-Ethyl-2,6,10-trimethylundecane",3-Formyl-1-isopropyl-2(1H)-pyridone,"3-Heptanone, 2,4-dimethyl-","3-Hepten-2-one, 5-methyl-","3-Hexen-2-one, 3,4-dimethyl-, (E)-","3-Isopropoxybenzoic acid, methyl ester","3-Pentanol, 2,2-dimethyl-",3-Pyridinesulfonic acid,"4,5,6,7-Tetrahydro-3-methylbenzofuran",4-Cyclohexyl-1-butanol,"4-Cyclopentene-1,3-dione, 4-methoxy-5-methyl-","4-Hexen-2-one, 3,4-dimethyl-",4-Methoxy-3-buten-2-one,"4-Penten-2-one, 3-methyl-",4-Pentenoic acid ethyl ester,4-Phenylbut-3-ene-1-yne,4-Propyl-2-hydroxycyclopent-2-en-1-one,"4-Pyrimidinamine, 2,6-difluoro-","5,5-Dibutylnonane","5-Isopropyl-2,8-dimethyl-9-oxatricyclo[4.4.0.0(2,8)]decan-7-one",5-Methyl-4-hexene-1-yl acetate,"5-Methylhexane-2,4-dione, enol","5-Nonanone, 2-methyl-",6-Dodecanol,"9-Borabicyclo[3.3.1]nonan-9-amine, N-(2,2-dimethylpropylidene)-","Acetaldehyde, bis(1-methylethyl)hydrazone","Acetamide, 2-fluoro-","Acetic acid, 1-methylcyclopentyl ester","Acetic acid, 2-fluoroethyl ester","Acetic acid, chloro-, 2-phenylethyl ester","Acetic acid, chlorodifluoro-","Acetic acid, methoxy-","Acetic acid, oxo-, methyl ester",Acetoin,"Acetonitrile,2-(methylimino)","Acetyl chloride, chloro-",Acetyl valeryl,"Adipic acid, 2,5-dimethylphenyl hexyl ester","Alanine, N-methyl-N-isobutoxycarbonyl-, isobutyl ester",Allyl n-octyl ether,Ammonium acetate,"Aziridine, 1-propyl-","Aziridine, 2-ethyl-","Benzene, 1,3-bis(1,1-dimethylethyl)-2-methoxy-5-methyl-","Benzene, 1-isocyano-2-methyl-","Benzene, 1-isocyano-3-methyl-","Benzene, 1-isocyano-4-methyl-","Benzocyclodecene, tetradecahydro-","Benzoic acid, 4-(acetyloxy)-, methyl ester","Benzonitrile, 4-fluoro-",Benzyl chloromethyl sulfide,"Borane, propadienediylidenetetrakis[difluoro-","Boron, trihydro(pyridine)-, (T-4)-","Butanal, 3,3-dimethyl-2-oxo-, hemihydrate","Butanal, oxime",Butanamide,"Butane, 1-(1-methylpropoxy)-","Butane, 1-chloro-2-methyl-, (S)-","Butane, 2-azido-2,3,3-trimethyl-","Butanedinitrile, 2,3-diamino-2,3-dimethyl-","Butanoic acid, .alpha.-[(2-methoxy-1,2-dioxoethyl)hydrazono]-","Butanoic acid, 3-oxo-, 2-propenyl ester","Butanoic acid, anhydride",Butyl isopropylphosphonofluoridate,"Carbonic acid 3,5-dichloro-2,6-dimethyl-4-pyridyl ethyl ester","Carbonic acid, ethyl-, methyl ester",Chloro-methyl-methoxy-amine,Chloromethyl chloroacetate,Chloromethylmethyl sulfide,"Cyanic acid, butyl ester","Cyclobutane, 1,1,2,3,3-pentamethyl-","Cyclobutane, 1,2-bis(1-methylethenyl)-, trans-",Cyclobutanol,"Cyclobutanol, 1-butyl-","Cyclobutanone, oxime","Cyclodecene, 3-bromo-",Cyclododecanemethanol,"Cyclododecanol, 1-ethenyl-","Cycloheptanol, trifluoroacetate","Cyclohexane, 1-ethyl-1,3-dimethyl-, cis-",Cyclohexanemethanol,"Cyclohexanemethanol, .alpha.-methyl-.alpha.-(1-methyl-2-propenyl)-, (R*,S*)-(.+-.)-","Cyclopentene, 1-ethenyl-3-methylene-","Cyclopropane, 1-heptyl-2-methyl-","Cyclopropane, cyclopropylidene-","Decane, 2,3,6-trimethyl-","Decane, 2,3,8-trimethyl-","Decane, 2,8,8-trimethyl-","Decane, 3,6-dimethyl-","Decane, 6-ethyl-2-methyl-","Decanoic acid, 2,8-dimethyl-, methyl ester",Diethylhydroxylamine,Diundecylneopentylamine,"Dodecane, 2,5-dimethyl-","Dodecane, 2,7,10-trimethyl-","Ether, tert-butyl isopropylidenecyclopropyl",Ethyl 1-methylcyclopropanecarboxylate,Ethyl 4-ethoxyphenylacetate,Ethyl Acetate,Ethylenediamine,"Ethylenimine, N-chloro-","Formamide, N-formyl-N-methyl-","Furan-2-carbonyl chloride, tetrahydro-","Heptane, 3-(chloromethyl)-","Heptane, 4-ethyl-2,2,6,6-tetramethyl-","Heptanoic acid, 1-methylethyl ester","Hex-2-yn-4-one, 2-methyl-","Hexane, 1-ethoxy-","Hexanoic acid, 1,1-dimethylethyl ester","Hydrazine, (2-methylpropyl)-","Hydrazine, 1,1-diethyl-","Hydrazine, 1,1-diethyl-2-(1-methylethyl)-",Malonyl dichloride,"Methanamine, N,N-difluoro-","Methanamine, N-butylidene-","Methane, fluorotrinitro-",Methoxyacetaldehyde diethyl acetal,"Methyl 2,4-dimethyltridecanoate","Methyl 2,8-dimethyltridecanoate",Methyl 2-acetamidoacrylate,Methyl 2-butynoate,"Methyl 7,9-tridecadienyl ether",Methyl-4-deoxy-2-O-methyl.beta.l-threo-hex-4-enopyranosid uronate,"Methylamine, N-cyclopentylidene-","N',N'-Dimethyl-N-[2,2,3,3-tetracyano-4-(2-furyl)cyclopentyl]acetohydrazide",N-(4-Methylphenyl)-4-methylbenzenesulfenamide,"N-(9-Ethyl-9H-carbazol-3-yl)-2,2,3,3,3-pentafluoropropanamide","Nonane, 2-methyl-5-propyl-","Nonane, 3-methyl-5-propyl-","Nonane, 5-methyl-5-propyl-","Octane, 2,3,6,7-tetramethyl-","Octane, 5-ethyl-2-methyl-","Octanoic acid, 2,6-dimethyl-, methyl ester","Oxazolidine, 2,2,5-trimethyl-3-propyl-","Oxetane, 3,3-dimethyl-","Oxetane, 3-(1-methylethyl)-","Oxirane, (bromomethyl)-","Oxirane, (ethoxymethyl)-","Oxirane, 2-(1,1-dimethylethyl)-3-methyl-","Oxirane, 2-methyl-3-(1-methylethyl)-","Pentadecanoic acid, 2,6,10,14-tetramethyl-, methyl ester","Pentane, 2,4-dimethyl-2-nitro-","Pentanedioic acid, 2-methyl-, dimethyl ester","Pentanedioic acid, 3-methyl-, dimethyl ester","Pentanoic acid, 2-methylbutyl ester","Pivalic acid, 2-methylpropyl ester","Pivaloylacetone, enol form","Plumbane, dimethylbis(trifluoromethyl)-",Prop-2-yn-1-yl 2-methylbutanoate,"Propanal, 2-propenylhydrazone","Propane, 1-chloro-2,2-dimethyl-","Propanoic acid, 2,2-dimethyl-, propyl ester","Propanoic acid, 2-hydroxy-2-methyl-","Propanoic acid, 2-methyl-, 1-methylethyl ester","Propanoic acid, 2-methyl-, propyl ester","Propanoic acid, anhydride",Propiolactone,"Pyridin-2,6-diol, diacetate","Pyrimidine, 2-methyl-","Pyrimidine, 4,6-dimethyl-","Tartaric acid, methyl ester","Tetradecane, 4-ethyl-",Tetramethylhydrazine,"Thiazole, 2-methyl-4-(1-methylethyl)-","Thietane, 1-oxide","Thietane, 3-methyl-","Thiophene, 2,5-dibutyl-",Triallylhydrazine,"Tridecane, 2,5-dimethyl-",Triisobutylaluminum,"Undecane, 3,8-dimethyl-","Undecane, 4,7-dimethyl-","Undecanoic acid, 2-methyl-, methyl ester","Z-1,6-Tridecadiene",Z-9-Pentadecenol,"l-Proline, N-propoxycarbonyl-, decyl ester",m-Aminophenylacetylene,n-Butyl nitrite,t-Butyl isobutyl ketone,"trans,trans-3,5-Heptadien-2-one"
ART5,S20241230_1_D,,,,,,,,,,,,,,,,,,,,,52337.66829,,,,,,,,,,,,,,,,,,,,,,,,,,,,,,,,,,,,,,,,,,,,,,,,,,,70451.45548,,,,,,,,40900.94378,,,,,,,,,,,,,,,,,,,,,,,,,,,,,,,,,,,,,,,,,,,,,,,,,,,,,,,,,,,,,,,,,,,,27682.81329,,,,,,,,,,,,,,,,,,,,,,,,,,,,,,,,,,,,,,,,,,,,,,,,,,,,,,,136277.2699,,,,,,,,,,,,,,,,,,,,,,,,,,,,,,,,,,,,,,,,,,,,,,,,,,,,,,,,27745.76733,,,,20600.48104,,,,,,,,,
BAC5,S20241230_10_D,,,,,,,,,,,,,,,,,,,,,,,,,,,,,,,,,,,,,,,,,,,,,,,,,,,,,,,,,,,,,,,,,,,,,,,,,,,,,,,,,,,,,,,,,,,,,,,,,,,,,,,,,,,,,,,,,,,,,,,,,,,,,,,,,,,,,,,,,,112617.3643,,,,,,,,,,,,,,,,,,,,,,,,,,,,,,,,,,,,,,,,,,,,,,,,,,,,,,,,,,,294773.9194,,,,,,,,,,,,,,,,,,,,,,,,,,,,,,,,,,,,,,,,,,,,,,,,,,,,,,,,,,,,,,55137.99533,,,,,,,,,,352325.7187,,,
BAC6,S20241230_11_D,,,,,,,,1780033.277,,,,,,,,,,,,,,,,,,,,,,,,,,52458.42707,,,,,,,,,,,,,,,,,,,,,,,,,,,,,,,,,,,,,,,,,,,,,,,,,,,,,,,,,59004.45762,,,,,,,,,,,,,,,,,,,,,,,,,,,,,,,,,,,,,,,,,,,,,,,,,,,,,,,,,,,,,,,,,,,,,,,,,,,,,,,,,36758.43139,,,,,,,,,,,,126785.4947,,,,,,,,,1269255.91,,,,378265.5852,,,,,,,,,,,,,,,,,,,,,,,,,,,,,,,,,,,,,,,,,,,,,,,,,,,,,,,,,,,,,,,,,,,,,,,,168777.6016,,,
BAC7,S20241230_12_D,,,,,,,,,,,,,,,,,,,,,,,,,,,,,,,,,,,,,,,,,,,,,,,,,,,,,,,,,,,,,,,,,,28614.13875,,,,,,,,,,,,,,,,,,,,,,,,,,,,,,,,,,,,,,,,,,,,,,,,,,,,,,,,,,,,,,,,,,,,,,,,,,,,,,,,,,,,,,,,,,,,,,,,,,,,,,,,,,,,,,,,,,,,,,,,,,,,,,,,,,,340996.6397,,,,,,,,,,,,,,,,,,,,,,,,,,,,,,,,,,,,,,,,,,,,,,,,,,,,,,,,,,,,,,,,,,,,,,,,,,,
BAC8,S20241230_13_D,,,,,,,,,,5197031.962,,,,,,,,,,,,,40812.28556,,,,,,,,,,,58818.46661,,,,,,,,,,,,,,,,,,,,,,,,,,,,,,,,,,,,,,,,,,,,,,,,,,,,476155.725,,,,,,,,,,,,,,,,,,,,,,,,,,,,,,,,,,,,,,,,,,,,,,,,,,,,,,,,,,,,,,,,,,,,,,,,,,,,,,,,251038.9084,,,,,,,,,,,,,,,,,,,,,,,,,,,,,,,,,,,,,,,,,,,,,,,,,,87984.39239,,,,,,,,,,,,,,,,,,,,,,,,586142.1826,,,,,,,,,,,,,,,2031972.443,,,,76740.44934,,,,,326914.5213,,,,,,,,
BOR1,S20241230_14_D,,,,,,,,2685443.497,,,,,,,,,,,,,,,,,,,,,,,,,,,,,,,,,,,,,,,,,,,,,,,,,,,,,,,,,,,,,,,,,,,,,,,,,,,,,,,,,,,,,,,,,,,,,,,,,,,,,,,,,,,,,,,,,,,,,,,,,,,,,,,,,101442.1791,,,,,,,,,,,,,,,,24917.21329,,,,,,,,,,,,,265353.9846,,,,,,,32499.57733,,,,,,,,,,,,,,,,,,,,1711140.816,,,,458907.2999,,,,,,,,,,152982.1837,,,,,,,,,,,,,,,,,,,,,,,,,,,,,,,,,,,,,,,,,,,,,,,,,,,,40545.68089,,,,,292224.0576,,,14452.64513,,,,,
BRE1,S20241230_15_D,,30682.98526,,,,,,,,,,,,,,,,,,,,,,,,,,,,,,,,,,,,,,,,142423.6747,,,,,,,,,,,,,,,,,,,,,,,,,,113345.1197,,,,,,,,,,,,,,,,,,496796.2214,,,,41431.67584,,,,,,,,,,,,,,,,,,,,,,,,,,,,,,,,,,,,,,,,,,,,,,,,,,,,,,,,,,,,,,,,,159672.2713,,,,,,,,,,,,,,,,,,,,,,,,,,,,,,,,,,,,,,,,,,,,,,,,,,,,93691.39482,,,,,,,,,,,,,,,,,,,,,,,,,,,,,,,,,,,,,,,,,,,,,,,,,,,,75387.74977,,,,,,,,,,,,,
ART6,S20241230_2_D,,,98160.01272,,,,,,,,,,,,,,,,,,,,,,,,,,,,,,,42916.23775,,,,,,,,,,,,,,,,,,,,,,,,,,,,,,,,,,,,,,,,,,,,,,,,,,,,,,,,,,,,,,,,,,,,,,,,,,,,,,,,,,9831.743147,,,,,,,,,,,,,,,,,,,,,,,,,,,,,,,,35829.96989,,,,,,,76590.42185,,,,,,,,,,,,,,,,,,,,,,,,,,,,,,,1057685.745,,,,,,,3932337.385,,,17566.78865,,,,,,,,,,,,,,,,,,,73879.53207,,,,,,,,,,,,,,,,,,,,,,,,,,,19473.30887,,,,,,,,,,,,,3251191.744,,24646.16177,,68541.28994,,,,,,,,,,354209.1674,,,
ART7,S20241230_3_D,,,,,,,,1799824.913,,,,,,,,,,,,,,,,,,,,,,,,,,72185.32423,,,6390.504382,,,,,,,,,,,,21849.84438,,,,18773.28297,,,,,,,,,,,,,,,,,,,,,,,,,,,,,,,30277.89884,,,,,,,,,,,,,,,,,,,,,,,,,,,,,,,,,,,,,,,,,,,,,,,,,,,,,,,,,,,,,,,,,,,,,,,,,,,,,,,,,,,,,,,,,,,,,,,,,,,,,,736361.7421,,,15595.01423,,,,,,,,219559.4537,,,,,,,,,,,,,,,,,,,,,,,,,,,,,,,,,,,,25002.62728,,,,,,,,,,,,,,,,,,,,,,,,,,,,,,,172560.0772,,,,,,,,
ART8,S20241230_4_D,,,,,,,,,,,,,,,,,,,,,,,,,,,,,,,,,,60175.81344,,,,,,,,,,,,,,,,,,,,,,,,,,,,,,,,,,,,,,,,,52504.79488,,,,,,,,,,,,,,,,,,30345.19794,,,,,,,,9388.074024,,,,,,,,,,,,,,,,,,,,,,,,,,,,,,,,,,,,,,,,,,,,,,,,,,,,,,,,,,,28924.36436,,,,,,,,,,,,,,,,,,,,,,244823.1504,,,,1117072.893,,,,,,,,,,,,,,,,,,,,,,,,,,,,,,,,,,,,,,,,,,,,,,,,,,,,,,,,,,,,,,,,,,,,,1571153.929,,,,,,,,,,,,,,,,,
ART9,S20241230_5_D,,,,,58436.70435,,,,,,,,,,,,,,,,,,,,,,,,,,,,,,,,,,,,,,,,,,,,,,,41207.3938,,,,,,,,,,,,,,,,,,,,,,,,,,,,,,,,,,,,,,,,,,,,,,,,,,,,,,,,,,,,,,,,,,,,,,,,,,,,,,,,,,,,,,,,,,,,,,,,,,,36374.18415,47272.07541,,,,,,,,,,,,,,,,,,,,,,,,,,,40739.95594,,,,,,,,,,,,,,,,,,,,,,,,,,,,,,,,,,,,,,,,,,,,,,,,,,,,,,,,,,,,,,,,,,,,,,,36920.51339,,,,,,,,,,,,65413.97392,,,,,,9926.319348,,,,
BAC1,S20241230_6_D,,,,,,,,2774641.858,,,,,,,,,39534.63959,,,,,,,,,,,,,,37711.03437,,,,,,,50158.79144,,,,,,,,,,,,,,,,,,,,,,,,,,,,,,,,,,,,,,,,,,,,,,,,,36385.7026,,,,,,,,,,,,,,,,,,,,,,,,,,,,,,,,,,,,,,,,,,,,21503.92627,,,,,,,,,,,,,,,,,31610.20864,,,,,,,,,,,,,,,,,,,,,,,,,,,,,,65292.54229,,,,,,,,,,,,,,,,,,,104573.2593,,,,,,,,,,,,,,,,,,,,,12626.94192,,,,,,,,,,,,,,,,,,,,,,,,,,,,,,,,,,,,,,,,,11059.43221,,,,,,,,,,,,,
BAC2,S20241230_7_D,,,,,,,,,,,,,,,,,,,,,,,,,,,,,,,,31074.97575,,,,,,,,,,,,,,,,,,,,,,,,,,,,,,,,,,,,,,,,,,,,,,,,,,,,,,,,,,,,,,,,,,,,,,,,,,,,,,,,,,,,,,,,,,,,,,,,,,,,,,,,,,,,,,,,,,,,,,,,,,,,16805.28293,,,,,,,,,,,,,,,,,,23026.85882,,,,,98062.96025,439812.1244,,,,,,809389.6565,,,,,,,616283.0387,,,,709703.4288,,,,,,,,,,,,,,,,,,,,,,,,,,,,,,,,,,,,,,,,,,,,,,,,,,,,,,,,,,5363109.221,,,,88078.31706,,,,,,,,,,,,,
BAC3,S20241230_8_D,,,,,,,,3423974.752,,,,,,,,,,,,,,,,,,,,,,,,,,48520.28206,,,,,,,,,,,,,,,,113274.9741,,,,,,,,,,,,,,,,,,,,,,,,,,,,,,,,,,,,,,,,,,38836.39624,,,,,,,,,,,,,,,,,,,,,,,,,,,,,,,,,,,,,,,,,,,,,,,,,,,,,,,63803.47617,,,,,,,,,,,,,,,,,,,,,,,,,,,,,,,,,,,,,,,,,,,,,,,,,,265517.0062,,,,,,,,,,,,,,,,,,,,,,,,,157057.7764,,,,,,,,,,,,,,,,,58230.71458,,,,,,50653.5044,,,,,,,,,,,,,,,,,,,,,,,,115471.8474,,,
BAC4,S20241230_9_D,,,,,,,,,,,,,,,,,,,,,,,,,,,,,,234378.925,,,,,,,,,,,,,,,,,,,,,,,,,,,,,,,,,,,,,,,,,,,,,,,,,,,,,,,,,,,,,,,,,,,,,,,,,,,,,,,,,,,,,,,,,,,,,,,,,,,,,,,,,,,,,,,,,,,,,,,,,,,,,,,,,,,,,,,,,,,,,,,,,,,,,,,,,,,,,,,,,,,,,,,291548.2667,,,,,,,,,,,,,,,,,,,,,,,,,165446.7262,,,,,,,,,,,,,,,,,,,,,,,,,,,,,,,,,,,,,42583.81407,,,,,,69620.43914,,,,130473.4925,,,
BRE2,S20241231_1_D,,,,,,,,771463.6791,,,,,,,,,,,,,,,,,,,,,,,,,,,,8563.735309,,,,,,,,,,,,,,,,,,,,,,,,,,,,,,,,,,,,,,,,,,,,,,,,,,,,,,,,,,,,,,,,,,,,,,,,,,,,,,,,,,,,,,,,,,,,,,,,,,,,,,,,,,,,,,,,,,,,,,,,,,,,,,,,,,,,,,,,,,,,,,,,,,,,,,,,,,,,,1926565.453,,,,,,,13248.61681,,,,,,,,,,,,,,,,,,,,,,,,,,,,,,,,,,,,,3386.833876,,,,,,,,,,,,,,,,,,,,,,,,,,,,,,,,,,,
CUP2,S20241231_10_D,,,,,,,,,,,,,,,,,,,,,,,,,,,,,,,,,,,,,,,,,,,,,,,,,,,,,,96129.59841,,,,,,,,,,,,,,,,,,,,,,,,,,,,,,,,,,,,,,,,,,,,,,,,,,,,,,,,,26806.04107,,,,,,,,,,,,,,,,,,,,,,,,,,,,,,,,,,,,,,,,,,,,,,,,,,,,,,,,,,,,,,,,,,,,,,,,,,,,,,,,,,,,,,,,,,,,,,,,,,,,,,,,,,,,,,,,,,,,,,,,,,,,,,,,,,,,,,,,56616.12776,,,,,,,,,,,,46557.18831,,,,,,,,,,,,,
CUP3,S20241231_11_D,,,,,,,,2559314.224,,9634455.068,,,,,,,,,,,,,,,,,,,,,,,,,,,,,,,,,,,,,,,,,,,,,,,,,,,,,,,,,,,,,,,,,,,,,,,,,,,,,,,,,,,,,,,,,,,,,,,,,,,,,,,,,,,,,,,,,,,,,,,,,,,,,,,,,,,,,,,,,,,,,,,,,,,,,,,,,,,,,,,,,,,,,,,,,,,,,,,,,,,,,,,,,,,,,,,,,179305.6286,,,,,,,,,,,,,,,,,,,,,,,,,,,,,,,,,,,,,,,,,,,,38807.58342,,,,,,,,,,,,,,,,,,,,,,,,,
CUR1,S20241231_12_D,,,,,,,,488644.5575,,,,,,,,,,,,,,,,,,,,,,,,,,,,,,,,,,,,,,,,,,,,,,,,,,,,,,,,,,,,,,,,,,,,,,,,,,,,,,,,,,,,,,,,,,,,,,,,,,,,,,,,,,,,,,,,,,,,,,,,,,,,,,,,,,,,,,,,,,,,,,,,,,,,,,,,,,,,,,,,,,,,,,,,,,,,,,,,,,,,,,,,,,,,,,,,,,,,,,,,,,,,,,,,,,,,,,,,,,,,,,,,,,,,,,,,,,,,,,,147608.2346,,,,,,,,,,,,,,,,,,,,,,,,,
DEL1,S20241231_13_D,,,,,,,,490959.9623,,,,,,,,,,,,,,,,,,,,,,,,,,41211.79245,,,,,,,,,,,,,,,,,,,,,,,,,,,,,,,,,,,,,,,,,,,,,,,,,,,,,,,,,,,,,,,,,,,,,,,,,,,,,,,,,,,,,,,,,,,,,,,,,,,,,,,,,,,,,,,,,,,,,,,,,,,,,,,,,,,,,,,,,,,,,,,,,,,,,,,,,,,,,,,1184503.981,,,,,,,,,,,,,,,,,,,,,,,,,,,,,,,,,,91639.53795,,,,,,,,,,,,,,,,,,,,49340.90606,,,,,,,,1305877.03,,,,,,,,,,,,,,,,,
DEL2,S20241231_14_D,,,,,,,,,,,,,,,,,,,,,,,,,,,,,,,,,,,231407.6007,,,,,,,,,,,,,,,,,,,,,,,,,,,,,,,,,,,,,,,,,,,,,,,,,,,,,,,,,,,,,,,,,,,,,,,,,,,,,,,,,,,,,,,,,,,,,,,,,,,,,,,,,,,,,,,,,,,,,,,,,,,,,,,,,,,,,,,,,,,,,,,,,,,,,,,,61784.02158,,,,,,3084020.27,,,,,,,,,229857.3528,,,,,,,,,,,,,,,,,,,,,,,,,93942.56191,,,,,,,,,,,,,,,,,,,,,66897.35153,,,,,509973.0312,,,,,,,,,,,,,,,,,,,
DYE1,S20241231_15_D,,,,,,,,,,,,,,,,,,,,,,,,,,,,,,,,,,29397.75746,,,,,,,,,,,,,,,,,,,,,,,,,,,,,,,,,,,,,,,,,,,,,,,,,,,,,,,,,,,,,135723.8187,,,,,,,,,,,,,,,,,,,,,,,,,,,,,,,,,,,,,,,,,,,,,,,,,,,,,,,,,,,,,,,,,,,,,,,,,,,,,,,,,,,,,,,,,,,,,,,,,,,,,,,,,,,,,,,,,,,,,,,,,,,,,,,,,,,,,,,,,,,,,,,,,,,18050.42332,617766.1511,,,,,,,,,,,,,,,,,,,,,,,,,,,,,
BUR1,S20241231_2_D,,,,,,,,,,,,,,,,,,,,,,,,,,,,,,,,,,,,,,,,,,,,,,,,,,,,,,,,,,,,,,,,,,,,,,,,,,,,,,,,,,,,,,,,,,,,,,,,,,,,,,,,,,,,,,,,,,,,,11125.13793,,,,,,,,,,,,,,,,,,,,,,,,,,,,,,,,,,,,,,,,,,,,,,31677.78773,,,,,,,,,,,,,,,,,,,,,,,,,,,,,,499645.9793,,,,,,,,,,,,,,,,,,,,,,,,,,,,,,,,,,,,,,,,,,,,,,,,,,,,,,,,,,,,,,1420557.53,,,,,,,,,,,,,,,,,
CHR1,S20241231_3_D,,,,,,,,,,,,,,,,,,,,,,,,,,,,,,,,,,,,,,,,,,,,,,,,,,,,,,,,,,,,,,,,,,,,,,,,,,,,,,,,,,,,,,,,,,,,,,,,,,,,,,,,,,,,,,,,,,,,,,,,,,,,,,,,,,,,,,,,,,,,,,,,,,,,,,,,,,,,,,1933199.203,517226.4405,,,,,,,,,,,,,,,13714.88257,,,,,,,,,,,,,,,,,,,,,,,,,,,,,,,,,,,,,,,,,,,,,,,,,,,,,,,,,,,,,,,,,,,,,,,,,,,,,,,,,,,,,,,,,,,,,,,1754266.537,,,
CHR2,S20241231_4_D,,,,,,,,312498.9841,,,,,,,,,,,,,,,,,,,,,,,,,,,,,,,,,,,,,,,,,,,,48536.17767,,,,,,,,,,,,,,,,,,,,,,,,,,,,,,,,,,,,,,,,,,,,,,,,,,,,,,,,,,,,,,,,,,,,,,,95745.70598,,,,,,,,,,,,,,,,,,,,,,,,,,,,,,,,,,,,,,,,,,,,,,,,,,,,,,,,,,,,,,,,,,,,,,,,,,,,,,,,,,,,,,,,,,,,,,,,,,,,,,,,,,,,,,,,,,,,,,,,,,,,64294.3148,,,,,,,,932284.851,,,,,,,,,,,,,,2000276.266,,,
CHR3,S20241231_5_D,,,,,,,,,,,,,,,,,,,,,,,,,,,,,,,,,,,,,,,,,,,,,,,,,,,,,,,,,,,,,,,,,,,,,,,,,,,,,,,,,,,,,,,,,,,,,,,,,,,,,,,,,,,,,,,,,,,,,,,,,,,,,,,,,,,,,,,,,,,,,,,,,,,,,,,,,,,,,,,,,,,,,,,,,,,,,,,,,,,,,,,,,,,,,567436.2803,,,,,,57344.27265,,,,,,,,28095.62284,,,,,,,,,,,,,,,,,,,,,,,,66841.13705,,,,,,,,,,,,,,,,,,,,,,,,,,,,2538288.54,,,,,,,,,,,,,,,,,
CHR4,S20241231_6_D,,,,,,,,,,,,,,,,,,,,,,,,,,,,,,,,,,,,,,,,,,,,,,,,,,,,,,,,,,,,,,,,,,,,,,,,,,,,,,,,,,6073.311606,,,,,,,,,,,,,,,,,,,,,,,,,,,,,,,,,,,,,,,,,,,,,,1249693.674,,,,,,,,,,,,,,,,,,,,,,,,,,,,,,,,,,,,,,,,,,,,,,,,,,,,,,,,,,,,,,,,,,,,,,,,,,,,,,,,,,,,,,,,,,,,,,,,,,,,,,,,,,,,,,,,,,,,,,,62387.72253,,,,,,,,,,,,,,,,,,,,,,,,,
CHR5,S20241231_7_D,,,,,,,,,,,,,,,,,,,,,,,,,,,,,,,,,,,,,,,,,,,,,,,,,,,,,,,,,,,,,,,,,,,,,,,,,,,,,,,,,,,57225.99235,,,,,,,,,,,,,,,,,,,,,,,,,,,,,,,,,,,,,,,,,,,,,,,,,,,,,,,,,,,,,,154139.9137,,,,,,,,,,,,,757122.9393,,,,,,,,,,,,,,,,,,,,,,,,,,,,,,,159621.2499,,,,,,,,,,,,,,,,,,,,,,,,,,,,,,,,,,,,,42898.74871,147848.8066,,,,,,,,,,,,,,,,,,,,,,,,,,,,102076.1037,,,,,,,,,,,,,,,,,
CHR6,S20241231_8_D,,,,,,,,,,,,,,,,,,,,,,,,,,,,,,,,,,,,,,,,,,,,,,,,,,,,,,,,,,,,,,,,,,,,,,,,,,,,,,,,,,,,,,,,,,,,,,,,,,,,,,,,,,,,,,,,,,,,,,,,,61954.26735,,,,463121.8151,,,,,,,,,,,,,209095.9104,,,,,,,,,,,,,,,,,,,,2031872.255,,,,,,,,,,,,,,,,,,,,,,,,,,,,,,,,,,463121.8151,,,,,,,,,,,,,,,,,,,,,,,,,,,14860.1805,,,,,,,,,,,,,,,,,,,,,,,,,,,,,,,,,,,,,,,,,,,,,,,,,,1139443.105,,,
CUP1,S20241231_9_D,,,,,,,,2324681.074,,,,,,,13024.99777,,,,,,,,,,,,,,,,,,,,,,,,,,,,,,,,,,,,61740.34333,,,,,,,,,,,,,,,,,,,,,,,,,,,,102665.5571,,,,,,,,,,,,,,,,,,,,,,,,,,,,,,,,,,35015.7953,,,,,,,,,,,,,,,,,,,,,,,,,,,,,,,890042.3317,,,,,,,,,,,,,,,,,,,,,,,,,,,,,,14783.35038,,,,,,,,,,,,,,,,,,,1470492.585,,,,,,,,,,,,,,,,,,,,,,,,,,,,,,,,,88692.57196,,,,,,,,,,,,,,,61222.44285,,,,,,66681.58727,,,,,,,,,,,,,,,,,,,,,,,,,
EMP1,S20250102_1_D,,,,,,,,,,,,,,,,,,,,,,,,,,,,,,,,,,,,,,,,,,,,,,,,,,,,,,,,,,,,,,,,,,,,,,,,,,,,,,,,,,,,,,,,,,,,,,,,,,,,,,51199.04447,,,,,,,11511.63821,,,,,,,,,,,,,,,,,,,,,,,,,,,,,60646.29912,,,,,26831.97897,,,,,,,,,,,,,,,,,,,,,,,,,,,,,,,,,,,,,,,,,,,,201435.1154,,,,,,,,,,274449.0161,,,,,,,,,,,,,,,,,,,,,,,,,,,,,,,,,,,,,,,,,,,,,,,,,,,,,,,,,,4679086.82,,,,,21606.55222,,,,,,,,,,,,
FLA1,S20250102_10_D,,,,129939.3822,,,,,,,,,,,,,,,,,,,,,,,,,,,,,,,,,,,,,,,,,,,,,,,,,,,,,,,,,,,,,,,,,,,,,,,,,,,,,,,,,,,,,,,,,,,,,,,,,,,,,,,,,,,,,,,,,,,,,,,,,,,,,,,,,,,,,,,,,,,,,,,,,,,,,,,,,,,,,44938.62224,,,,,,40632.9267,,,,,,,,,,,,,,,,,,,,,,,,,,,,,,,,,,,,,,50122.19847,,,,,,,,,,,,2930745.936,,,24895.54512,,,,,,,,,,,,,,,,,,,,,,,,,,,,,,,,,,,,49152.60724,,,,,,,,,,,,,,,,
FLA2,S20250102_11_D,,,,,,,,,,,,,,,,,,,,,,,,,,,,,,,,,,,,,,,,,,,,,,,,,,,,,,,,,,,,,,,,,,,,,,,,,,,,,,,,84166.94573,,,,,,,,,,,,,,,,,,,,,,,,,,,,,,,,,,,,,,,,,,,,,,,,,,,,,,,,,,,,,,,,,,,,,,,,,,,,,,,,,,,,,,,,,,,,,,,,,,,,,,,,,,,,,,,,,,,,,,,,,,,,,,,,,,,,,,,,,,,,,,,,,,,,,,,,,,,,,,,,,,,,,,,,,,,,,,,,,,,,,,,,,,,,,,,,
FLA3,S20250102_12_D,,,,,,,,,,,,,,,,,,,,,,,,,,,,,,,,,,,,,,,,,,,,,,,,,,,,,,,,,,,,,,,371057.1434,,,,,,,,,,,,,,,21742.9083,,,,,,,,,,,,,,,,,,,,,,,,,,,,,,,,,,,,,,,,,,,,,,,,,,,,15225.69425,,,,,,,,,,,,,,,,,,,,,,,,,,,,,,,,,,,,,,,,,,,,,,,,,,,,,,,,,,,,,,,241226.4771,,,,,,,,,,,,,,,,,,,,,,,,,,,,,,,,,,,,,,,,,,,,,,,,,,,,,,,,,,,,,,,,,,,,,,,,,,,,,,,
FLA4,S20250102_13_D,,,,,,,,,,,51883.00812,,,,,,,,,,,,,,,,,,,,,,,111941.0631,,,,,,,,,104093.6386,,,,,,,,,,,,,,,,,,,,,,,,14569.62703,,,,,,,,,,,,,,,,,,,,,,,,,,,,,,,,,,,,,,,,,,,,,,,,,,,,,,,,,,,,,,,,,,,,,,,,,,,,,,,,,,,,,,,,,,,,,,,,,,,,,,,,120062.1246,,,,,,,,,,,,,,,,,,,,,,,,,,,,,,,,,,,,,,,,,,,,,,,,,,,,,,,,,,,,,,,,,,,,,,,,,,,,,,,,,,,,,,,,,,,,,,,,,,,,,
FLA5,S20250102_14_D,,,,,,,,,,,,,,,,,,,,,,,,,,,,,,,,,,,,,,,,,,,,,,,,,,,,,,,,,,,,,,,,,,,,,,,,,,,,,,,,,,,,,,,,,,,,,,,,,,,,,,,,,,,,,,,,,,,,,,,,,,,,,,,,,,,,,,,,,,,,,,,,,,,,,,,,,,,,,,,,,,,,,,,,,,,,,,,,,,,,,,,,,,,,,,,,,,,,,,,,,,,,,,,,,,,,,,,,,,,,,,,,,,,,,,,,,,,,,,,,,,,,,,,,,,,,,,,,,,,52164.14385,,,,,,,,,,,,,
FLA6,S20250102_15_D,,,,,,,,,,,,,,,,,,,,,,,,,,50770.78724,,,,,,,,,,,,,,,,,,,,,,,,,,,,,,,,,,,,,,,,,,,,,,,,,,,,,,,,,,,79780.12274,,,,,,,,,,,,,,,,,,,,,,,,,,,,,,,,,,,,,,,,,,,,,,,,,,,,,,,,,,,,,,,,,,,,,,,,,,,,,,,,,,,,,,,,,,,,,,,,,,,,75696.45343,,,,,,,,,,,,,,,,,,,,,,,,190594.5357,,,,,,,,,,,,,,,,,,,,,,,,,,,,,,,,,,,,,,,,,,,,,,,,,,,,,,,,,,,,,,42380.75445,
EMP2,S20250102_2_D,,,,,,,,,,,,,,,,,,,,,,,,,,,,,,,,,,,,,,,58361.14014,,,,,,,,,,,,,,,,,,25158.37849,16669.6531,,,,,,,,,,,,,,,,,,,,,,,4484819.564,,,,,,,,,,,,,,,,,,,12896.07039,,,,,,,,,,13197.20711,,,,,,,,,,,,,,,,,,,,,,,,,,,,,,,45092.93075,,,,,,,,,,,,,,,,,,,,,52152.03193,,,,,,,,,,,,,,,,,,,,,,,,,,,,,,,2160720.975,,,,,,,,,,,,,,,,,,,,,,,,,,,,,,,,,,,,,,,,,,,,,,,,,,,,,,,,,,,,,,,,,,,,,,,,,,,,,,,
ENS1,S20250102_3_D,,,,,,,,,,,,,,,,,,,,,,,,,,,,,,,,,,,,,,,,,,,,,,,95746.82402,,,,,,,,,,,,,,,,,,,,,,,,,,,,,14782.92135,,,,,,,,,30173.93912,,,,,,,,,,,,,,,,,,,741676.3502,,84153.10635,,,,,,65645.80071,,,,,,,,,,,,,,,,,,,,,,,,,,,,,,,,,,,,,,,,,,,,,,,,,,,,,,,,155903.1188,,,,,,,,,,,,,,,,,,,,,,,,,,,,,,,,,,,,,,,,,,,,,,,,,,,,,,,,,,,,,,,,,,,96391.06599,,,,,,,,,,,,,,,,,,,,,,,,,,,,,,,,,,,,,
ENT1,S20250102_4_D,,,,,,,,,,,,,,,,,,,13892.20052,,,,,,,,,,,,,,,,590204.9996,,,,,,,,,,179436.9693,,,,,,,,,,,,,,,,,,,,36204.6264,,,,,,,,,,,,,,,,,,,,,,,,,,,,,,,,,126334.8054,324790.9233,,,,,,,,,,,,,,,,,,,,,,,177061.4309,,,,,,,,,,,,,,,,,131245.5332,,,,,,,,,,,,,,,,,,20735.59176,,,,,,,,,,,,,,,,,,,,,,,,,,,,,,,,,,,,,,,,,,,,,,,,,,,,,,,,,,,,,,,,,,,,,,,,,,,,,3547862.315,,284258.7339,,,,,,,,,,,,,,,,,,,,,,,,,,,,,,,,,,,,
ENT2,S20250102_5_D,69874.38513,,,,,,17109.47221,,,,,,94151.13352,,,,,,,,,,,,,,,,,,,,,,411744.3294,,,,,,,,,,,,,,,,,,,,,,,,,,,,,,,,,,,,,,,31157.87843,,,,,,,1671194.013,,,,,,,,,,,,,33845.83481,,,,,,,,,,,,,,,,,,,,,,,,,,,,,,,,,,,,,,,,,,,,,,,,,,,,,,,73571.43886,,,,,,,,,,,,,,,,,,,,,,,,,,,,20792.72349,,,,670385.8093,,,,,,,,,20000.13357,,,,,,,,,,,,,,,,,,,,267581.3097,,,,,,,,,,,,,,,,602417.2385,,,,,,,,,,76693.35044,,,,,,,,,,,,,,,,,,,,,,,,,,,,,,,,,,,,
ENT3,S20250102_6_D,,,,,,,,,,,,,,1007192.136,,,,,,,,,,,,,,,,,,,,,,,,,,,1233130.144,,,,,,,,,,,,,,,,,,,,715018.9328,,,,,,,,,,,,,,,,,,,,,,,,,,,,,,,,,,,,,,,,,,,,,,,,,,,,,,,,,,,,,,,,,,,,,,,,,447973.9047,,,,,,59331.7878,,,,,,,,,,,,,,,,,,,,,,,,,,,,,,,,,,,,,,,,,1156006.623,,,,,484629.8228,,,,,,,,,,,340593.536,,,,,,,,,,,,,,,,,,,,,,,,468400.656,,,2388920.44,,,,2890497.717,,,2170531.42,,,,,,,,,,,,,,,,,,,,,,,,,,,,,,,,,,,,,,,,,
ESC1,S20250102_7_D,,,,,,,,,,,,,,,,,,,,,,,,,520980.4879,,,,,,,,,,,,,,,,1230115.764,,,,,,,,,,,,,,,,,,,,,,,,,,,,,,,,,,,,,,,,,,,,,,,,,,,,,,,,,,,,,,,,,,,,,,,,,,,,,,,,,,,,,,,,,,,,,,,,,,,,,,,,,,,,,,,,,,,,,,,,,,,,,,,,,,,,,,,215374.7232,,,,,,,,,,,,,,,,,,,,,,,,,,,,,,,,,,,,,,,,,,,,,,,,429968.5056,,,,953554.9101,,,,,,,,,,,,,,,,,,,,,,,,,,,,,,,,,,,,,,,,,,,,
FAL1,S20250102_8_D,,,,,,,,,,,,,,,,,,,,,,,,,,,,,,,,,,,,,,,,,,,,,,,,,,,,,,,,,,,,,,,,,,,,,,,,,,,,,,,,,,,,,,,,,,,,,,,,,,,,,,,,,,,,,,,,,,,,,,,,,,,,,,,,,,,,,,,,,,,,,,,,,,,,,,,,,,,,,,,,,,,,,,,,,,,,,,,,,,,,,,,,,,,,,,,,,,,,,,,,,,,,,,,,,,,,,,,,,,,,,,,,,,,,683475.8195,,,,,,,,,,,,,,,,,,,,,,,,,,,,,,,,,,,,,,,,,,,,
FIC1,S20250102_9_D,,,,,,,,,,,,,,,,,,,,,,,,,,,,,,,,,,,,,,,,,,,,,,,,,,,,,,,,,,,,,,,,,,,,,,,,,,,,,,,,,,,,,,,,,,,,,,,,,,,,,,,,,,,,,,,,,,,,,,,,,,,,,,,,,,,,,,,,,,,,,,,,,,,,,,,,,,,,,,,,,,,,,,,,,,,,,,,,,,,,,,,,,,,,,,,,,,,,,,,,,,,,,,,,,,,,,,,,,,,,,,,,,,,,1319336.372,,,,,,,,,,,,,,,,,,,,,,,,,,,,,,,,,,,,,,,,,3624748.429,,,
HER1,S20250103_1_D,,,,,,,,,,,,,,,,,,,,,,,,,,,,,,,,,,,,,,,,,,,,,,,,,,,,,,,,,,,,,,,,,,,,,,,,,,,,,,,,,,,,,,,,,,,,,,,,,,,,,,,,,,,,,,,,,,,,,,,,,,,,,,,,,,,,,,,,,,,,,,,,,,,,,,,,,,,,,,,,,,,,,,,,,40773.91838,,,,,,,,,,,,115139.0464,,,,,96910.53179,102264.2858,,,,,,,,,,,,,,,,,,,,,,,,,,,,,,,,,,43938.0311,,,,,,,,,,1462051.119,,,,,,,,,,,,,,,,,,,,4991780.951,,,,,,,,,,,,,,,,,,,,,
MIC2,S20250103_10_D,,,,,,,,,,,,,,,,,,,,,,,,,,,,,,,,,,,,,,,,,,,,,,,,,,,,,,,,,,,,,,,,,,,,,,,,,,,,,,,,,,,,,,,,,,,,,,,,,,,,,,,,,,,,,,,,,,,,,,,,,,,,,,,,,,,,,,,,,,,,,,,,,,,,,,,,,,,,,,,,,,,,,,,,,,,,,,,,,,,,,,,,,,,,,,,,,,,,,,,,,,,,,,,,,,,,,,,,,,,,,,,,,,,,,,,,,,,,,,,,,,,,,,,,,,,15142479.03,,,,,,,,,,,,,,,,,,,,,
MIC2,S20250103_2_D,,,,,,,,1580492.938,,,,,,,,,,,,,,,,,,,,,,,,,,,,,,,,414923.2692,,,,,,,,,,,,,,,,,,,,,,,,,,,,,,,,,,,,,,,,2037882.711,,,,,,,,,247356.8163,,,,,,,,,,,,,,,,,,,,,,,,,,,,,,,,,,,,,,,,,,,,,,,,,,,,,,,,,,,,,,,,,,,,,,,,,,,,,,,,,,,,,,,,,,,,,,,,,,,,,,,,,,,,,,,,,,,,,,,,,,,,,,,,,,,,,,,199292.1667,,,,908811.6281,,,,,,,,,,,,,,,,,,,,,,,1195269.716,,,,,,,,,,,,,,,,,,967853.5963,,,
MIC2,S20250103_3_D,,,,,,,,,,,,,,,,,,,,,,,,400685.5206,,,,,,,,,,,,,,,,,1607187.288,,,,,787778.9828,,,,,,,,,,,,,,,,,,,,,,,,,,,,,,,,,,,,,,,,,,246316.5231,,,,,,,,,,,,,,,,,,,,,,,,,,,,,,,,,,,,,,,,,,,,,,327994.0697,1126194.361,,,,,,,,,,,,,,,,,,,,,,,,,,,,,,,,,,,,,,,,,,,,,,,,,,,351965.5921,,,,,,,,,,,,,,,,,,,,,,,,,,,756551.8902,,,,,,,,275220.1523,,,246316.5231,,,,3484894.826,,,,,,,,,,,,,,,,,,,,,,,,,,,,,,,,,259741.6886,,,,,,,,,,,
MIC2,S20250103_4_D,,,,,,,,,,,,,,,,,,,,,,3065136.136,,,,,,,,,,,,,,,,,,,,,,,,,,,,,,,,,,,,,,590189.4313,,,,,,,,,586879.407,,,,,,,,,,,,,,,,,,,,,,,,,,,,,,,,,,,,,,,,,,,,,,,,,,739799.0914,,,,,,,1508344.892,,,,,,,,,,,,,,,,,,,,,,,,,,,,2754227.521,,,,,,,,,,,,,,,,112856.2959,,,,,,,,,,,,,,,,416988.4186,,,,,1049898.699,,,,,,,,,,,,,,,,,788179.5529,,,523393.4212,,,137406.4126,,,,,,,,,,,,,,2954608.398,,,,,,,,,,,,,,,,,,,,,,,2207686.293,,,,,,,,,,,,,,,,,,,,,1216751.7
MIC2,S20250103_5_D,,,,,,,,1820614.927,,2894979.853,,,,905912.373,,,,,,,,,,,,,,,,,,,,,,,,,,,,,,,,,,,,,,,,,,,,,,,,,,,,,,,,,,,,,,,,,,,,,,,,,,,,,,,,,,,,,,,,,,,,,,,,,,,,,,,,,,,,,,,,871563.7215,,,,,,,,,,,,,,,,,,,,,,,,,,,,,,,,,,,,,,,,2231134.518,,,,,,,,,,,,,,,,,,,,,,,,,,,1762227.72,,,,,,,,,,,,,,,,,,,,,,,,,,,,,,,,,,,,,,,,,,,,,,,,,,,,,,,,,,10288586.48,,,,,,,,,,,,,,,,,,,,,
MIC2,S20250103_6_D,,,,,,,,,,,,,,,,,,,,,,,,,,,,,,,,,,,,,,,,,,,,,,,,,,,,,,,,,,,,,,,,,,,,,,,,,,,,,,,,,,,,,,,,,,,,,,,,,,,,,,,,,,,,,,,,,,2178198.068,,,,,,,,,,,,,,,,,,,,,,,,,,,,,,,,,,,,,,,,,,,,,,,,,,,,,,,,,,,,,,,,,,,,,,,,,,884552.2538,,,,,,,,,,,,,,,,,,,,,,,,,,,,,,,,,,,,,,,,,,,,,,,,,,,,,,,,,,,,,,,10283853.02,,,,1667523.51,,,,,,,,,,,,,,,,,1048245.071
MIC2,S20250103_7_D,,,,,,,,,,,,,,,,,,,,,,,,,,,,,,,,,,,,,,,,1027946.081,441245.5193,,,,,,,,,,,,,,,,,,,,,,,,,,,,,,,,,,,,,,,,,,,,,,,,,,,,,,,,,,,,,,,,,,,,,,,,,,,,,,,,,,,,,,,,,,,,2037679.312,,,,,,,,,,,,,,,,,,,,,,,,,,,,,,,,,,,,,,,,,,,,,,,,,,,,,,,,,,,,,,,,,,,,,,,,,,,,,,,,,,,,,,,,,,,,,,,,,,,,,,,,,,,,,,,,,,,,,,1177381.241,,,,,,,,,,,,,,,,,,,,,
MIC2,S20250103_8_D,,,,,,,,,,,,,,,,,,,,,,,,,,,,,,,,,681664.2172,,,,,,,,,,,,,,,,,,,,,,,,,,,,395065.6155,,,,,,,,,,,,,,,,,,,547369.6586,,,,,,,,,,,,,,,,,,,,,,,,,,,,,,,,,,,,,,,,,,,,,,,,,,,,,,,,,,,,,,,,,,,,,,,,,,,,,,,,,,,,,,,,,,,,,,,,,,,,,,,,,,188241.3637,,,,,,,,,,,,,3542568.558,,,,,,,,,,,,,,,,,,,,,,,,,,,,,279926.3886,,,279926.3886,,,,,,,,,,,,,,,,,,,,12164375.56,,,,,,,,,,,,,,,,,,,,,
MIC2,S20250103_9_D,,,,,,,,,,,,,,,,,,,,,,,,,,,,,,,,,,,,,,,,,1023054.939,,,,,,,,,,,,,,,,,,,,,,,,,,,,,,,,,,,,,,,,,,,,,,,,,,,,,,,,,,,,,,,,,,,,,,,,,,,,,,,,,,,,,,,,,,,,,,,,,,,,,,,,,,,,,,,,,,,,,,,,,,,,,,,,,,,,,,,,,,,,,,,,,,,,,,,,,,,1089562.815,,,,,,,,,,,,,,,,,,,,,,,,,,,,,,,,796857.5697,,,,,,,,,,,,,,,,,,,,,,,13641568.2,,,,,,,,,,,,,,,,,,,,,
MIC3,S20250106-1_D,,,,,,,,,,,,,,,,,,,,,,,,,,,,,,,,,,,,,,,,,,,,,,,,,,,,,,,,,,,,,,,,,,,,,,,,,,,,,,,,,,,,,,,,,,,,,,,,,480656.065,,,,,,,,,,,,,,,,,,,,,,,,,,,,,,,,,,,,,,,,,,,,,,,,,,,,,,,,,,,,,,,,,,,,,,,,,,,,,,,,,,,,,,,,,,,,,,,,,,,,,,,,,,,,,,,,,,,,,,,,,,,,,,,,,,,,,,,,,,,,,,,,,,,,,,,,,,5694404.63,,,,,,,,,,,,,,,,,,,,,
PAE6,S20250106-10_D,,,,,,,,,,,,,,,,,,,,2271340.46,,113779.5147,,142704.6538,,,,,,,,,,,,,,,,,1036573.666,,,,,,,,,,,,,,,,,,,,,,,,,,,,,,,,,,,,,,,,,,,,,,,,,,,,,,,,,,,,,,,,,,,,,,,,,,,,,,,,,,,,,,,,,,,,,,,,,,,,,,,,,,,,,1065462.858,,,,,,,,,,,,,,,,,,,,,,,,,,,,,,,,,,,,,,,,,,,,,,,,,,,,,,,,,,,,,,,,,,,,,,,,,,,,,,,,,,,,,,,,,,,,,,,,,,,,,11326263.7,,,,,,,,,,,,,,,,,,,,,
PAR1,S20250106-11_D,,,,,,,,,,,,,,,,,,,,,,,,,,,,,,,,,461292.2208,,,,,,,,571494.9706,,,,,,,,,,,,,,,,,,,301554.1922,,,,,,,,,,,,,,,,,,,,356787.8585,,,,,,,,,168349.6747,,,,,,,,,,,,,,196535.7657,,,,,,,,,,,,,,,,,,,,,,,,,,,,,,,,,,,,,,,,,,,,,,,,,,,,,,,,,,,,,,,,,,,,,,,,,,,,,,,,,,,,,,,,,,,,,,,,,,,,1177640.401,,,,,,,,,,,,,,,,,,,,,,,,,,,,,,,,,,,,,,,,,,,,,,,,7140147.394,,,,10387634.67,,,,,,,,,,,,,,,,,
PAR2,S20250106-12_D,,,,,,,,,,,,,,921623.9807,,,,,,,,,,,,,,,,,,,527509.0509,,,,,,,,,,,,,,,,,,,,,,,,,,,,606566.5041,,,,,,,,,,,,,,,,,,,,,,,,,,,,,,,,,,,,,,,,,,347248.2482,,,,,,,,,,,,,,,,,,,,,,,5872488.137,,,,,,,,,,248210.3014,,,,,,,,,,,,,,,,,,,,,,,,,,,,,,,,,,,,,,,,,,,,,,,,,,245781.9406,,,,,,,,,,,,,,,,536287.4013,675211.6169,,,,,,,,,,,,,,,,,,,,,,,,,,,,,,,,,,,,,,,,,,,,,,,,3127742.995,,,,5941123.614,,,,,,,,,,,,,,,,,
MIC4,S20250106-2_D,,,,,,,,,,,,,,,,,,,,,,,,,,,,,,,,,,,,,,,,,,,,,,,,,,,,,,,,,,,,451015.2611,,,,,,,,,,,,,,,,,,,,,,,,,,,,,,,,,,,,,,,,,,,,,,,,,,,,,,,,,,,,,,,,,,,,,,,,,,,,,,,,,,,,,,,,,,,,,,,,,,,,,,,,,,,,,,,,,,,,,,,,,,,,,,,,,,,,,,,,,,,,,,,,,,,,,,,,,,,,,,,,,,,,,,,,,,,,,,,,,,,,,,,,,,,,,,,1765318.955,,,,,,,,,,,,,,,,,,,,,
OCH1,S20250106-3_D,,,,,,,,,,,,,,,,,,,,,,,,,,,,,,,,,,,,,,,,,,,,,,,,,,,,,,,,,,,,,,,,,,,,,,,,,,,,,,,,,,,,,,,,,,,,,,,,,,,,,,,,,,,,,,,,,,,,,,,,,,,,,,,,,,,,,,,,,,,,,,,,,,,,,,,,,,,,,,,,,,,,,,,,,,,,,,,,,,,,,,,,,,,,,,,,,,,,,,,,,,,,,,,,,,,,,,,,,,,,,,,,,,,,790368.4092,,,,,,,,,,,,,,,,,,,,,,,10563635.09,,,,,,,,,,,,,,,,,,,,,
OCH2,S20250106-4_D,,,,,,,,,,,,,,,,,,,,,,,,,,,,,,,,,,,,,,,,,,,,,,,,,,,,,,,,,,,,325288.8515,,,,,,,,,,,,,,,,,,,,,,,,,,,,,,,,,,,,,,,,,,,,,,,,,,,,,,,,,,,,,,,,,,,,,,,,,,,,,,,,,,,,,,,,,,685142.921,,,,,,,,,,,,,,,,,,,,,,,,,,,,,,,,,,,,,,,,,,,,,,,,,,,,,,,,,,,,,,,,,,,,,,,,,,,,,,1354106.813,,,,,,,,,,,,,,,,,,,,,,,,,,,,,,,,,,,,,,,,,,,,
PAE1,S20250106-5_D,,,,,,,,,,,,,,,,,,,,,,,,,,,,,,,,,,,,,,,,,,,,,,,,,,,,,,,,,,,,,,,,,,,,,,,,,,,,,,,,,,,,,,,,,,,,,,,,,,,,,,,,,,,,,,,,,,715755.3859,,,,,,,,,,,,,,,,,,,,,,,,,,,,,,,,,,,,,,,,,,,,,,,,,,,,,,,,,,,,,,,,,,,,,,,,,,,,,,,,,,,,,,,,,,,,3235032.73,,,,,,,,,,,,,,,,,,,,,,,,,,,,,,,,,,,,,,,,,,,,,9644660.702,,,,,,,,,,,,,,,,,,,,,
PAE2,S20250106-6_D,,,,,,1996462.78,,,,,,,,,,,,,,,,,,,,,,,,,,,,,,,,,,,,,,,,,,,,,,,,,,,,,,,,,,,,,,,,,,,,,,,,,,,,,,,,,,,,,,,,,,,,,,,,,,,,,,,,,,,,,,,,,,,,,,,,7831635.501,,,,,,,,,,,,,,,,,,,,,,,,,,,,,,,,,,,,,,,,,,,,,,,,,,,,,,,,,,,,,,,,,,,,,,,,,,,,,,,,,,,,,,,,,,,,,,,,,,,,,,,,,,,,,,,,,,,,,,,,,,,,,,,,,,,,,,,,,,,,,,,,,,
PAE3,S20250106-7_D,,,,,,,,,,,,,,,,,,,,,,,,,,,,,,,,,,,,,,,,,,,,,,,,,,,,,,,,,,,,,,,,,,,,,,,,,,,,,,,,,,,,,,,,,,,,,,,,,,,,,,,,,,,,,,,,,,,,,,,,,,,,,,,,,,,,,,,,,,,,,,,,,,,,,,,,,,,,,,,,,,,,,,,,,,,,,,,,,,,,,,,,,,,,,,,,,,,,,,,,,,,,,,,,,,,,,,,,,,,,,,,,,,,,,,,,,,,,,,,,,,,,,,,,,,,,,,,,,,,,,,,,,,,,,,,,
PAE4,S20250106-8_D,,,,,,,,,,,,,,,,,,2377408.416,,,,831560.1601,,,,,658204.0203,,,,,,,,,,,,,450349.5662,,,,,,288856.8503,,,,,,,,,894656.5162,260145.3034,,,,,,,,592828.8319,,,,,,,,,,,,,,,,,,,,,,,,,,,,,,,,,,,,,,,,,,,,,,,,,,,,,,,,,,,,,,,,,,,,,,,,,,302860.7839,,,,,,,,,,,,,,,,,,,,,,,,,,,,,,,,,,,,,,,,,,,,,472864.088,,,352248.5046,,,24040768.98,,554716.9489,,,,,,,534065.5861,,,346920.5598,,,,,,,,,,,,,,,,,,,,,,,,7864542.387,,,,,,,,,,,,,2368011.136,,,,,,268295.5139,,422837.7559,6488376.465,,,,11066010.03,,,,,,,5204305.257,,,,,,,,,,,1441984.849,,,
PAE5,S20250106-9_D,,,,,,,,,,,,,,,,,,,,,,,,,,,,,,,,,,,,,,,,,,,,,,,,,,,,,,,,,,,,930248.6779,,,,,,,,,,225818.4811,,,,,,,,,,,,,,,,,,,,,,,,,,889052.3488,,,,,,,,,,,445905.5838,,,,,,,,,,,,,,,,,,,,,392668.5253,,,,,,1612919.693,,,,,,,,,,,,,,,,,,,,,,,,,,,,,,,,,,,,,,,,,,,,,,,,,,,,,,,445905.5838,,,,,,,,,,,,,,,,,,,,,,,,,,,,,,,,,,,,,,,817253.279,,,,89614.35524,,,,,,,,,,,,,,,,,,,1901955.589,,,,,,,,,,,,,,,28092.00747,,,566412.3441,,,
par1,S20250110_1_D,,,,,,,,,,,,,,487077.4514,,,,,,,,,,,,,,,,,,,,,,,,,,,,,,,,,,,,,,,,,,,,,,,,,,,,,,,,,174932.7948,,,,,,,,,,293659.3398,,,,,,,,,,,,,,,,,,,,,,,,,,,,,,,,,,,,,414071.5934,,493596.4092,,,,,,,,,,,,,,,,,,,,,,,,,,,,,,,,,,,,,,,,,,,,,,,,,,,,,,,,,,,,,,,,,,123160.0654,,,,,,,,,,,,,,,,,,,,,,,,,,,,,,,,,,,,,,,,,,,,,,,,,,,,,,,,,,,,,,,,,1128300.455,,,,6037067.261,,,,,,,,,,,,,,,,,
PRO1,S20250110_2_D,,,,,,,,3826161.385,,,,,,,,,,,,246957.4279,,234032.8484,,932540.4931,151686.4188,,,,,,,,,,,,,,,,,,,,,,,,,,,,,,,,,,,,,,,,,,,,,,,,128057.0185,,,,,,,,375450.6248,,,,,,,,,,,,,,,,,,,,,,,,154436.2434,,,,,,,,,,,,,,,,,,,,,,,,,,,,,,,,,,,,,,,,,,,,,2237973.469,,,,,,,,,,,,,,,,,,,,,,,,,,,,,,,,,,,,,,,,,,,,,,,,,,,,,,,,,,,,,,,,,,,,,,,,,,,,,,4461931.703,,,,,,,,,,,,,,,,,,,,,,,7440740.373,,,57336.20141,,,,,,,,,,,,,,,503956.6945,,,
PRO2,S20250110_3_D,,,,,,,,,,,,596078.2246,,338307.0393,,,,,,,,,,,,,,,,,,,,,,,,,,,,,,,,,,,,,,,,,,,,,,,,,,,,,,,,,,,,,,,,,,,463768.2326,,,,,,,,,,,,,,,,,,,,,,,,,,,,,,,,,290811.1839,,,,,,,,,,,,,3519707.719,,,,,,,,,,,,,,,,,,,,,,,,,,,,,,,,,,,,,,158347.0894,,,,,,,,,,,,,,,,,,,,,169914.7019,,,,,,,,,,,,,,,,,,,,,,,,,124235.9429,,,,,,,,,,,,,,,,,895450.4747,,,217301.2639,,,,,,,,,,,,,,,,,,,,4319029.183,,,,,,,,,,,,,,,,,,,1413696.172,,
PSE1,S20250110_4_D,,,,,,,,3478537.95,,,,,,,,980563.6578,,,,423222.687,,,,,,,,,,,,,,,,,,,,,,,,,,,,,,,,,,,,,,,,,,,,,,,,,,,,,,,,,,,,,,,,,,,,,,,,,,,,,,,,,,,,,,,,,,,,,,,,,,,,,,,,,,,,,,,,,,,,,,,,,,,,,,,,,,,,,,,,,,,,,,,,,,,,,,,,,,,,,,,,,,,,,,,,,,,,,,,,,,,,,,,,,,,,,,,,,,,,,,,,,,,,,,,,,,,,,,,,,,,,,,,,,,,,,,,,826270.6018,,,,,,,,,,,,,,,,,,,,
PSE2,S20250110_5_D,,,,,,924285.0104,,,176113.5577,,,,,,,,,,,309493.0833,,122321.2732,,,,,,,,,,,,,,,,,,,,,,,,,,,,,,,,,,,,,,,260632.5015,204664.1479,,,,,,,,,,,,,,,,,,,,,,,,,,,,,,,,,,,,,,,,,,,,,,,,,,,,,,,,,,157335.7223,,,,,,,,,,,,,,,,,,,,,,,,,,190485.5881,,,,,,,,,,,,,,,,,,,,,,,,,,,,,,,,,,,,,,,,,,,,,,,,,,,,,,,,,,,,,,,,,,,,,,,,,,,,,,,,,,,,,,,,,,,,,,,,,,,,,,,,,731135.0669,,,,,,,,,,,,,,,,,,417492.6487,,,
PSE3,S20250110_6_D,,,,,,,,834661.8005,,,,,,912551.0103,,,,,,,,,,,,,,,,,,,,,,,,,,,,,,,,,,,,,,,,,,,,,,,,,,,,,,,,,,,,,,,,,,,798141.4697,,,,,,,,,,,,,,,,,,,,,,,,,,,,,,,,,,,,,,,,,,,,,,,,,,,,,,,,,,,,,,,,,,,,,,,,,,,,,,,,,,,,,,,,,,,,,,,,,,,,,,,,,144348.8241,,,,,,,,,,,,,,,,,,,,,,,,,,,,,,,,,,,,,,,,,,,,,,,,,,,,,,,,,,,,,,,,,,,,,,,,,,,,,,,,,,,,,,
PSE4,S20250110_7_D,,,,,,,,,,,,,,2085829.235,,,,,,,,1584345.052,,,,,,,,,,,,,,,,,,,,,,,,,,,,,,,,,,,,,175463.753,,,1038023.333,,,,,,,,,,,,,,,,,,,3276781.743,,,,,,,,,,,,,,,,,,,,,,,,,,,,,,,,,563875.6505,,,,,,,,,,,,,,1201592.307,,,,,,,,,,,,,,,,,,,,,,,,,,,,,,,,,,,,,,,,,,,,,,,,,,,,,,,,,,787619.2519,,,,,,,,,,,,,,,,,,690282.3715,,,,,,,,,,466185.4062,,,,,,,,,,,,,,,,,,,,,174646.1181,,,,,,,,,,,,,,,,16120280.84,,,,25422893.06,,,,,,,,,,,,,,,,,
PSE5,S20250110_8_D,,,,,,,,,,,,,,2518413.271,,,,,,,,,,,,,,,,,,,,,,,,,,,,,,,,,,75151.71466,,,,,,,,,,,,,,,,,,,,,,,,,,,,,,,,,2625567.931,,,,,,,,,,,,,,,,,,,,,,,,,,,,,,,,,,,,,,,,,,,,,,,,,,,,,,,,,,,,,1617811.677,,,,,,,,,,,,,,,,,,,,,,,,,,,,,,,,,120125.1301,,,,,,,,,,,,,,,,,,,,,,,,,,,,,,,,,,,,,80030.92519,,,,,,,,,,,,305988.0202,,,,,,,,,,,,,,,,,,,,,,,,,,,20172492.89,,,147390.538,,,,,,,,,,,,,,,,,,
PSE6,S20250110_9_D,,,,,,,,361515.2669,,,,186014.1379,,834271.0234,,,,,,,,,,,,,,,,,,,,,,,,,,,,,,,,,,,,,,,,,,,,,,,,,,,,,,,,,,,,,,,,,,,3206017.739,,,,,,,,,,,,,,,,,,,,,,,,,,,,,,,,,,,,,,,,,,,,,,,,,,,,,,,,,,,,,,,,,,,,,,,,,,,,,,,,,,,,,,,,,,,,,,,,,,,,,,,,,,,,,,,,,,,,,,,,,,,,,,,,,,,,,,,,,,,,,,,,,,,,,,,,,,,182102.1263,,,,,,,,,,,,,,,8213357.036,,,,2021407.262,,,,,,,,,,,,,,,,,
PSE7,S20250111_1_D,,,,,,,,,,,,,,,,,,,,,,,,90828.50753,,,,,,,,,,,,,,,,,,,,,,,,,,,,,,,,,,,,,,,,,,,,,,,,,,,,,,,,,1072587.443,,,,,,,,,,,,,,,,,,,,,,,,,,,,,,,,,,,,,,,,,,,,,,,,,,,,,,,,,,,,,,,,,,,,,436179.5269,,,,,,,,,,,,,,,,,,,,,,,,,,,,,,,,,,,,142356.3105,,,,,,,,,,250089.6068,,,,,,,,,,,,,,,,,,,,,,,,,,,,,,,,,492909.4946,,,,,,,,,,,,,,,,,,,,,,1132955.035,,,162014.9947,,,,,,,298445.5972,,,,,,,,,,,
RAL1,S20250111_10_D,,,,,,,,2526737.319,,,,,,,,,,,,,,,,,,,,,,,,,,,,,,,,,,,,,,,,,,,,,,,,,,,,,,,,,,,,,,,,,,,,,,,,,3014885.291,,,,,,,,,,,,,,,,,,,,,,,,,,,,,,,,,,,,,,,,,,,,,,,,,,,,,,,,,,,,,,,,,,,,,,,,,,,,,,,,,,,,,,,,,,,,,,,,,,,,,,,,,,,,,,,,,,,,,,,,,,,,,,,,,,,,,,,,,,,,,,,,,,,,,,,,,,,,,,,,,,,,,,,,,,2545324.196,,,,,,,,,,,,,,,,,,,,,
RAL2,S20250111_11_D,,,,,,,,,,,,,,,,,,,,,,,,,,,,,,,,,,,,,,,,,,,,,,,,,,,,,,,,,,,,873157.1097,,,,,,,,,,,,,,,,,,,,,3123178.486,,,,,,,,,,,,,,,,,,,,,,,,,,,,,,,,,,,,,,,,,,,,,,,,,,,,,,,,,,,,,,,,,,,,,,,,,,,,,,,,,,,,,,,,,,,,,,,,,,,,,,,,,,,,1579429.129,,,,,,,,,,,,,,,,,,,,,,,,,,,,,,,,,,,,,,,,,,,,,,,,,,,,,,,,,,,,,,7786658.072,,,,,,,,,,,,,,,,,,24034941.52,,,
RAL3,S20250111_12_D,,,,,,,,,,,,,,,,,,,,9640727.65,,,,,,,,,,,,,,,,,,,,,,,,,,,,,,,,,,,,,,,,,,,,,,,,,,,,,,,,,,,,,2221750.883,,,,,,,,,,,,,,,,,,,,,,,,,,,,,,,,,,,,,,,,,,,3306502.765,,,,,,,,,,,,,,,,,,,,,,,,,,,,,,,,,,,,,,,,,,,,,,,,,,,,,,,,,,,,,,,,,,,,,,,,,,,,,,,,,,,,,,,,,,,,,,,,,,,,,,,,,,,,,,,,,,,,,,,,,,,,,,,,,,,,,,,,,,,,,,,,,1292320.36,,,
RAL4,S20250111_13_D,,,,,,,,,,,,,,,,,,,,,,,,,,,,,,,,,,,,,,,,,,,,,,,,,,,,,,,,,,,,,,,,,,,,,,,,,,,,,,,,,1096040.837,,,,,,,,,,,,,,,,,,,,,,,,,,,,,,,,,,,,,,,,,,,,,,,,,,,,,,,,,,,,,,,,,,,,,,,,,,,,,,,,,,,,,,,,,,,,,,,,,,,,,,,,,,,,,,,,,,,,,,,,,,,,,,,,,,,,,,,,,,,,,,,,,,,,,,,,,,,,,,,,,,,,,,,,,,5880924.097,,,,,,,,,,,,,,,,,,,,,
RAL5,S20250111_14_D,,,,,,,,,,,,,,,,,,,,,,,,,,,,,,,,,,,,,,,,,,,,,,,,,,,,,,,,,,,,,,,,,,,,,,,,,,,,,,,,,2125888.912,,,,,,,,,,,,,,,,,,,,,,,,,,,,,,,,,,,,,,,,,,,,,,,,,,,,,,,,,,,,,,,,,,,,,,,,,,,,,,,,,,,,,,,,,,,,,,,,,,,,,,,,,,,,,,,,,,,,,,,,,,,,,,,,,,,,,,,,,,,,,,,,,,,,,,,,,,,,,,,,,,,,,,,,,,,,,,6172195.316,,,,,,,,,,,,,,,,,
RAO1,S20250111_15_D,,,,,,,,1152515.397,,,,,,,,,,,,,,,,,,,,,,,,,,,,,,,,,,,,,,,,,,,,,,,,,,,,,,,,,,,,,,,,,,,,,,,,,1927253.132,,,,,,,,,,,,,,,,,,,,,,,,,,,,,,,,,,,,,,,,,,,,,,,,,,,,,,,,,,,,,,,,,,,,,,,,,,,,,,,,,,,,,,,,,,,,,,,,,,,,,,,,,,,,,,,,,,,,,,,,,,,,,,,,,,,,,,,,,,,,,,,,,,,2070012.506,,,,,,,,,,,,,,,,,,,,,,,,,,,,,,,,,,,,,,,,,,,,
RHO1,S20250111_16_D,,,,,,,,1902732.244,,,,,,,,,,,,,,,,,,,,,,,,,,,,,,,,,,,,,,,,,,,,,,,,,,,,566373.3675,,,,,,,,,,,,,,,,,,,,,2198498.487,,,,,,,,,,,,,,,,,,,,,,,,,,,,,,,,,,,,,,,,,,,,,,,,,,,,,,,,,,,,,,,,,,,,,,,,,,,,,,,,,,,,,,,,,,,,,,,,,,,,,,,,,,,,,,,,,,,,,,,,,,,,,,,,,,,,,,,,,,,,,,,,,,,848151.4203,,,,,,,,,,,,,,,,,,,,,,,4721737.59,,,,,,,,,,,,,,,,,,,,,
PSE8,S20250111_2_D,,,,,,,,5258621.835,,,,,,,,,,,,,,,,,,,,,,,,,,,,,,,,,,,,,,,,,,,,,,,,,,,,,,,,,,,,,,,,,,,,,,,,,3796346.904,,,,,,,,,,,,,,,,,,,,,,,,,,,,,,,,,,,,,,,,,,,,,,,,,,,,,,,,,,,,,,,,,,,,,,,,,,,,,,,,,,,,,,,,,,,,,,,,,,,,,,,,,,,,,,,,,,,,,,,,,,,,,,,,,,,,,,,,,,,,,,,,,,,,,,,,,,,,,,,,,,,,,,,,,,6123059.29,,,,,,,,,,,,,,,,,,,,,
PSE9,S20250111_3_D,,,,,,,,,,,,,,,,,,,,,,,,,,,,,,,,,,,,,,,,,,,,,,,,,,,,,,,,,,,,,,,,,,,,,,,,,,,,,,,,,4078129.839,,,,,,,,,,,,,,,,,,,,,,,,,,,,,,,,,,,,,,,,,,,,,,,,,,,,,,,,,,,,,,,,,,,,,,,,,,,,,,,,,,,,,,,,,,,,,,,,,,,,,,,,,,,,,,,,,,,,,,,,,,,,,,,,,,,,,,,,,,,,,,,,,,,,,,,,,,,,,,,,,,,,,,,,,,6678534.751,,,,2737466.033,,,,,,,,,,,,,,,,,
PSE10,S20250111_4_D,,,,,,,,,,,,,,,,,,,,,,,,,,,,,,,,,,,,,,,,,,,,,,,,,,,,,,,,,,,,,,,,,,,,,,,,,,,,,,,,,4034121.175,,,,,,,,,,,,,,,,,,,,,,,,,,,,,,,,,,,,,,,,,,,,,,,,,,,,,,,,,,,,,,,,,,,,,,,,,,,,,,,,,,,,,,,,,,,,,,,,,,,,,,,,,,,,,,,,,,,,,,,,,,,,,,,,,,,,2570777.355,,,,,,,,,,,,,,,,,,,,,,,,,,,,,,,,,,,,,,,,,,,,,,,,,,,,,,,,,,,
PSE11,S20250111_5_D,,,,,,,,,,,,,,,,,,,,,,,,,,,,,,,,,,,,,,,,,,,,,,,,,,,,,,,,,,,,,,,,,,,,,,,,,,,,,,,,,2835567.545,,,,,,,,,,,,,,,,,,,,,,,,,,,,,,,,,,,,,,,,,,,,,,,,,,,,,,,,,,,,,,,,,,,,,,,,,,,,,,,,,,,,,,,,,,,,,,,,,,,,,,,,,,,,,,,,,,,,,,,,,,,,,,,,,,,,,,,,,,,,,,,,,,,,,,,,,,,,,,,,,,,,,,,,,,,,,,,,,,,,,,,,,,,,,,,
PSE12,S20250111_6_D,,,,,,,,,,,,,,,,,,,,,,,,,1274201.898,,,,,,,,,,,,,,,,,,,,,,,,,,,,,,,,,,,,,,,,,,,,,,,,,,,,,,,,3776559.576,,,,,,,,,,,,,,,,,,,,,,,,,,,,,,,,,,,,,,,,,,,,,,,,,,,,,,,,,,,,,,,,,,,,,,,,,,,,,,,,,,,,,,,,,,,,,,,,,,,,,,,,,,,,,,,,,,,,,,,,,,,,,,,,,,,,,,,,,,,,,,,,,,,,,,,,,,,,,,,,,,,,,,,,,,5725807.523,,,,,,,,,,,,,,,,,,,,,
PSE13,S20250111_7_D,,,,,,,,,,,,,,,,,,,,,,,,,1415941.381,,,,,,,,,,,,,,,,,,,,,,,,,,,,,,,,,,,,,,,,,,,,,,,,,,,,,,,,2579268.225,,,,,,,,,,,,,,,,,,,,,,,,,,,,,,,,,,,,,,,,,,,,,,,,,,,,,,,,,,,,,,,,,,,,,,,,,,,,,,,,,,,,,,,,,,,,,,,,,,,,,,,,,,,,,,,,,,,,,,,,,,,,,,,,,,,,,,,,,,,,,,,,,,,,,,,,,,,,,,,,,,,,,,,,,,5478687.937,,,,,,,,,,,,,,,,,,,,,
PSE14,S20250111_8_D,,,,,,,,1241897.319,,,,,,,,,,,,,,,,,,,,,,,,,,,,,,,,,,,,,,,,,,,,,,,,,,,,,,,,,,,,,,,,,,,,,,,,,4130151.502,,,,,,,,,,,,,,,,,,,,,,,,,,,,,,,,,,,,,,,,,,,,,,,,,,,,,,,,,,,,,,,,,,,,,,,,,,,,,,,,,,,,,,,,,,,,,,,,,,,,,,,,,,,,,,,,,,,,,,,,,,,,,,,,,,,,,,,,,,,,267805.7959,,,,,,,,,,,,,,,,,,,,,,,,,,,,,,9209254.668,,,,,,,,,,,,,,,,,,,,,
PSE15,S20250111_9_D,,,,,,,,,,,,,,,,,,,,,,,,,,,,,,,,,,,,,,,,,,,,13143790.55,,,,,,,,,,,,,,,,898648.3069,,,,,,,,,,,,,,,,,,,,,3057202.75,,,,,,,,,,,,,,,,,,,,,,,,,,,,,,,,,,,,,,,,,,,,,,,,,,,,,,,,,,,,,,,,,,,,,,,,,,,,,,,,,,,,,,,,,,,,,,,,,,,,,,,,,,,,,,,,,,,,,,,,,,,,,,,,,,,,,,,,,,,,,,,,,,,,,,,,,,,,,,,,,,,,,,,,,,5821742.391,,,,,,,,,,,,,,,,,,,,,
SIN1,S20250113-1_D,,,,,,,,,,,,,,,,,,,,,,,,,,,,,,,,,,,,,,,,,,,,,,,,,,,,,,,,,,,,610222.1886,,,,,,,,,,,,,,,,,,,,,3470801.317,,,,,,,,,,,,,,,,,,,,,,,,,,,,,,,,,,,,,,,,,,,,,,,,,,,,,,,,,,,,,,,,,,,,,,,,,,,,,,,,,,,,,,,,,,,,,,,,,,,,,,,,,,,,,,,,,,,,,,,,,,,,,,,,,,,,,,,,,,,,,,,,,,,,,,,,,,,,,,,,,,,,,,,,,,,,,,6906299.185,,,,,,,,,,,,,,,,,
SPH1,S20250113-10_D,,,,,,,,,,,,,,,,,,,,115849.2165,,,,,,,,,,,,,,,,,,,,,,,,,,,,,,,,,,,,,,,,939996.8407,,,,,,,,,,,,,,,,,,,,,5105798.896,,,,,,,,,,,,,,,,,,,,,,,,,,,,,,,,,,,,,,,,,,,,,,,,,,,,,,,,,,,,,,,,,,,,,,,,,,,,,,,,,,,,,,,,,,,,,,,,,,,,,,,,,,,,,,,,,,,,,,,,,,,,,,,,,,,,,,,,,,,,,,,,,,,,,,,,,,,,,,,,,,,,,,,,,,,,,,6331339.277,,,,,,,,,,,,,,,,,
SPH2,S20250113-2_D,,,,,,1854503.241,,,,,,,,,,,,,,,,,,,,,,,,,,,,,,,,,,,,,,,,,,,,,,,,,,,,,,2502034.021,,,,,,,,,,,,,,,,,,,,,7064175.132,,,,,,,,,,,,,,,,,,,,,,,,,,,,,,,,,,,,,,,,,,,,,,,,,,,,,,,,,,,,,,,,,,,,,,,,,,,,,,,,,,,,,,,,,,,,,,,,,,,,,,,,,,,,,,,,,,,,,,,,,,,,,,,,,,,,,,,,,,,,,,,,,,,,,,,,,,,,,,,,,,,,,,,,,,5914546.844,,,,7977937.598,,,,,,,,,,,,,,,,,
SPH3,S20250113-3_D,,,,,,1591101.036,,,,,,,,245673.9897,,,,,,111053.3375,,,,,,,,,,,,,,,,,,,,,942198.8245,,,,,,,,,,,,,,,,,,,,,,,,,,,,,,,,,,,,,,,,,,,,,,,,,,,,,,,,,,,,,,,,,,,,,,,,,,,,,,,,,,,,,,,,,,,,,,,,,,,,,,,,,,,,,,,,,,,,,,,,,,,,,,,,,,,,,,,,,,,,,,,,,,,,,,,,,,,,,,,,,,,,,,,,,,,,,,,,,,,,,,,,,,,,,,,,,,,,,,,,,,,,,,,,,,,,,,,,,,,,,,,,,,,,,,,
SPH4,S20250113-4_D,,,,,,,,4486959.728,,,,,,1882844.809,,,,,,1361005.208,,,,,,,,,,,,,,,,,,,,,7085677.975,,,,,,,,,,,,,,,,,,,,,,,,,,,,,,,,,,,,,,,,25419612.3,,,,,,,,,,,,,,,,,,,,,,,,,,,,,,,,,,989489.1418,,,,,,,,,,,,,,,,,,,,,,,,,,,,,,,,,,,,,,,,,,,,,,,,,,,1357610.862,,,,,,,,,,,,,,,,,,,,,,,,,,,,,,,1545586.224,,,,,,,,,,,,,,,,,,,,,,,,,,,802327.8653,,,,,,,,,,,,,,,,,,,,,,,,,,,13271097.76,,,,15662476.29,,,,,,,,,,,,,,,,,
STA1,S20250113-5_D,,,,,,,,2359145.218,,,,,,,,,,,,,,,,,,,,,,,,,,,,,,,,,,,,,,,,,,,,,,,,,,,,,,,,,,,,,,,,,,,,,,,,,2334757.381,,,,,,,,,,,,,,,,,,,,,,,,,,,,,,,,,,,,,,,,,,,,,,,,,,,,,,,,,,,,,,,,,,,,,,,,,,,,,,,,,,,,,,,,,,,,,,,,,,,,,,,,,,,,,,,,,,,,,,,,,,,,,,,,,,,,,,,,,,,,,,,,,,,,,,,,,,,,,,,,,,,,,,,,,,7694725.527,,,,,,,,,,,,,,,,,,,,,
STE1,S20250113-6_D,,,,,,,,,,,,,,,,,,,,,,,,,,,,,,,,,,,,,,,,,,,,,,,,,,,,,,,,,,,,1352139.66,,,,,,,,,,,,,,,,,,,,,5096453.232,,,,,,,,,,,,,,,,,,,,,,,,,,,,,,,,,,,,,,,,,,,,,,,,,,,,,,,,,,,,,,,,,,,,,,,,,,,,,,,,,,,,,,,,,,,,,,,,,,,,,,,,,,,,,,,,,,,,,,,,,,,,,,,,,,,,,,,,,,,,,,,,,,,,,,,,,,,,,,,,,,,,,,,,,,7309977.205,,,,10076414.59,,,,,,,,,,,,,,,,,
STE2,S20250113-7_D,,,,,,,,2761739.845,,,,,,,,,,,,,,,,,,,,,,,,,,,,,,,,,,,,,,,,,,,,,,,,,,,,,,,,,,,,,,,,,,,,,,,,,5145591.773,,,,,,,,,,,,,,,,,,,,,,,,,,,,,,,,,,,,,,,,,,,,,,,,,,,,,,,,,,,,,,,,,,,,,,,,,,,,,,,,,,,,,,,,,,,,,,,,,,,,,,,,,,,,,,,,,,,,,,,,,,,,,,,,,,,,,,,,,,,,,,,,,,,,,,,,,,,,,,,,,,,,,,,,,,,,,,,,,,,,,,,,,,,,,,,
STE3,S20250113-8_D,,,,,,,,,,,,,,,,,,,,509895.8003,,,,,,,,,,,,,,,,,,,,,,,,,,,,,,,,,,,,,,,,1276509.967,,,,,,,,,,,,,,,,,,,,,2640993.665,,,,,,,,,,,,,,,,,,,,,,,,,,,,,,,,,,,,,,,,,,,,,,,,,,,,,,,,,,,,,,,,,,,,,,,,,,,,,,,,,,,,,,,,,,,,,,,,,,,,,,,,,,,,,,,,,,,,,,,,,,,,,,,,,,,,,,,,,,,,,,,,,,,,,,,,,,,,,,,,,,,,,,,,,,7782410.952,,,,5626696.034,,,,,,,,,,,,,,,,,
VAR1,S20250113-9_D,,,,,,,,,,,,,,,,,,136980.1601,,,,,,,,,,,,,,,,,,,,,,,,,4196334.363,,,,,,,,,,,,,,,,,1603451.044,,,,,,,,,,,,,,,,,,,,,,,,,,,,,,,,,,,,,,,,,,,,,,,,,,,,,,,,,,,,,,,,,,,,,,,,,,,,,,,,,,,,,,,,,,,,,,,,,,,,,,,,,,,,,,,,,,,,,,,,,,,,,,,,,,,,,,,,,,,,,,,,,,,,,,,,,,,,,,,,,,,,,,,,,,218938.9144,,,,,,,,,,,,,,,,,,,,,157259.0404,,,,7384526.543,,,,,,,,,,,,,,,,,
ACH1,Syncom_1_D,,,,,,,,5292556.865,,,,,,,,,,,,,,,,,,,,,,,,,,,,,,,,,,,,,,,,,,,,,,,,,,,,,,,,,,,,,,,,,,,,,,,,,,,,,,,,,,,,,,,,,,,,,,,,,,,,,,,,,,,,,,,,,,,,,,,,,,,,,,,,,,,,,,,,,,,,,,,,,,,,,,,,,,,,,,,,,,,,,,,,,,,,,,,,,,310449.0448,,,,,,,,,,1348213.257,235327.9901,,,,,,,,,,,,,,,,,,,,,,,,,,492593.0621,334498.0183,,,,,,,,,,,,,,,,,,,,,,,,,,,,,,,,,,,,,,,,185832.6294,,,,,,,,
ACI6,Syncom_10_D,,,,,,,,,,,,,,,,,,,,,,,,,,,,,326001.7693,,,,,,,,,,,,,,,,,,,,,,,,,,,,,,,,,,,,,,,,,,,,,,,,,,,996325.3574,,,,,,,,,,,,,,,,,,,,,,,,,,,,,,,,,,,,,,,,,,,,,,,,,,,,,,,,,,,,,,,,,,,,,,,,,,,,,,,,,,,,,,,,,,,,,,,,,,,,,,,,,,487761.7823,,,,,,,,,,,,,,,,,,,,,,,,,,,,,,,,,,,222399.1808,,,,,,,,,,,,,,,,,,,,,,,,,,,,,,3067769.759,,,,2147515.002,,,,,,,,,,,,,,,,,
ACI7,Syncom_11_D,,,,,,,,4555327.76,,,,,,1014039.643,,,,,,170254.4043,,,,,,,,,,,,,,,,,,,,,682656.9265,,,,,,,,,,,,,,,,,,,,,,,,,,,,,,,,,,,,,,,,,,,,,,,,,,,,,,,,,,,,,,,,,,,,,,,,,,,,,,,,,,,,,,,,,,,,,,,,,,,,,,,,,,,,,,,,,,,,,,,,,,,,,,,,,,,,,,,,,,,,,,,,,427263.2246,,,,,,,,571675.2193,,,,,,,,,,,,,,,,,,,,,,,,,,,150191.5353,,,143553.5262,,,,,,,,,,,,,,,,,,,,,,,,,,,12136356.54,,,,,,,,,,,,,,,,,,,,,
ACI8,Syncom_12_D,,,,,,,,2608275.87,,,,,,,,,,,,,,,,,,,,,,,,,,,,,,,,,,,,,,,,,,,,,,,,,,,,,,,,,,,,,,,,,,,,,,,,394206.1257,,,,,,,,,,,,,,,,,,,,,,,,,,,,,,,,,,,,,,,,,,,,,,,,,,,,,,,,,,,,,,,,,,,,,,,,,,,,,,,,,,,,,,,,,,,,,,,,,,,,,,,,,,,,,,,,,,,,,,,,,,,,,,,,,,,,,,,,,,,,,,,166845.5248,,,,,,,,,,,,,,,,,,,,,,,,,,,,11007256.16,,,,,,,,,,,,,,,,,,,,,
ACI9,Syncom_13_D,,,,,,,,4938121.679,,,,,,345053.4357,,,,,,,,,,,,,,,,,,,,,,,,,,,1474574.038,,,,,,,,,,,,,,,,,,,,,,,,,,,,,,,,,,,,,,,,,,,,,,,,,,,,,,,,,,,,,,,,,,,,,,,,,,,,,,,,,,,,,,,,,,,,,,,,,,,,,,,,,,,,,,,,,,,,,,,,,,,,,,,,,,,,,,,,,,,,,,,,,608380.0374,,,,,,,,665914.8798,,,654063.7557,,,,,,,,,,,,,,,,,,,,,,,,238993.6323,,195613.3725,,,,,,,,,,,,,,,,,,,,,,,,,,,,12004240.42,,,,,,,,,,,,,,,,,,,,,
ACI10,Syncom_14_D,,,,,,,,6066855.989,,,,,,236175.4742,,,,,,260442.126,,,,,,,,,,,,,,,,,,,,,,,,,,,,,,,,,,,,,,,,,,,,,,,,,,,,,,,,,,,,,,,,,,,,,,,,,,,,,,,,,,,,,,,,150252.1155,,,,,,,,,,,,,,,,,,,,558337.4153,,,,,,,,,,143271.901,,,,,,,,,,,,,,,,,,,,,,,,,,64838.9896,,,,,,,,,,,,,,,,,,,,,,419490.0625,,,,,,,,,,,,,,,,,,,,,,,,,,,,,,,,,,,141346.6551,,,,,,,,,,,,,,,,,,,,,,,,,,,,,,1494109.513,,,82022.66438,,,,,,,,,49623.02796,,,,,,,,,
ACI11,Syncom_15_D,,,,,,,,2907917.656,,,,,,,,,,,,151418.4207,,,,,,,,,,,,,,,,,,,,,61962.70332,,,,,,,,,,,,,,,,,,,,,,,,,,,,17508.68039,,,,,,,,39459.9314,,,,,,,,,,,,28460.38546,,,,,,,,,,,,,,,,,,,,,,,,,,,,,,,,,,,,,,,,,,,,,,,,,,,,,,,,,,,,,,,,,,,,,,,,,,,28004.10033,,,,,,,,,,,,,,,,,,,,,,218587.5737,,,,,,,,,,,,,,,,,,,,,,,,,,,,,,,,,,,67395.73407,,,,,,,41072.60014,,,,,,,,,,,,,,,,,,,,,,,380029.0974,,,44335.89101,,,,,,,,,,,,,,,,,,
ADV1,Syncom_16_D,,,,,,,,353539.7674,,,,,,298191.7441,,,,,,185499.2767,,,,,,,,,,,,,,,,,,,,,,,,,,,,,,,,,,,,,,,,,,,,,,,,,49956.91373,,,,,,,,,,,,,,,,,,,,,,,,,,,,,,,,,,,,,,,,,,,,,,,,,,,,,,,,,,,,,,,,,,,,,,,,,,,,,,,,,,,,,,,,,,,,,,,46047.63525,,,,,,,,,,,,,,,,,,,,,,349504.2252,,,,,,,,1083064.867,,114457.3997,,,,,,,,,,,,,,,,,,,,,,,,,116189.8781,,,,,,,,,,,,,,,,,,,,,,,,,,,,,,19168061.24,,,,,,,,,,,,53611.43846,,,,,,,,,
ART1,Syncom_17_D,,,,,,,,3487082.073,,,,,,,,,,,,136071.8622,,,,,,,,,,,,,,,,,,,,,,,,,,,,,,,,,,,,,,,,,,,,,,,,,,,,,,,,,,,,,,,,,,,,,,,,,,,,,,,,,,,,,,,,,,,,,,,,,,,,,,,,,,,,,,,,,,,,,,,,,,,,,,,,,,,,,,,,,,,,,,,,,,,,,,,,,,,,,,,,,,,,,,326379.019,,,,,,,,,,,,,,,,,,,,,,,,,,,,,,,,,,,118335.5936,,150225.9836,,,,,,,,,,,,,,,,,,,,,,,,,,,,6413450.908,,,,,,,,,,,,,,,,,,,,,
ART2,Syncom_18_D,,,,,,,,,,,,,,,,,,,,,,,,,,,,,,,,,,,,,,,,,,,,,,,,,,,,,,,,,,,,,,,,,,,,,,,,,,,,,,,,567053.724,,,,,,,,,,,,,,,,,,,,,,,,,,,,,,,,,,,,,,,,,,,,,,,,,,,,,,,,,,,,,,,,,,,,,,,,,,,,,,,,,,,,,,,,,,,,,,,,,,,,,,,,,,515907.4339,,,,,,,,557622.4612,,,,,,,,,,,,,,,,,,,,,,,,,,,,,,244245.1658,,,,,,,,,,,,,,,,,,,,,,,,,,,20046436.81,,,,2861324.061,,,,,,,,,,,,,,,,,
ART3,Syncom_19_D,,,,,,,,3680626.956,,,,,,,,,,,,,,,,,,,,,,,,,,,,,,,,,1778420.024,,,,,,,,,,,,,,,,,,,,,,,,,,,,146341.9652,,,,,,,,,,,,,,,,,,,,,,,,,,,,,,,,,,,,,,,,,,,,,,,,,,,,,,,,,,,,,,,,,,,,,,,,,,,,,,,,,,,,,,,,,,,,,,,,,,,,,,,,,,,,,,,,,,,,,612400.929,,,,,,,,,,,,,,,,,,,,,,,,,,,,,,,,,,,237093.9997,,,,,,,,,,,,,,,,,,,,,,,,,,,,,,,,,,,,,,,,,,,,,,,,,,,
ACH2,Syncom_2_D,,,,,,,,4375521.546,,,,,,,,,,,,,,,,,,,,,292200.3439,,,,,,,,,,,,,,,,,,,,,,,,,,,,,,,,,,,,,,,,,,,,,,,,,,,,,,,,,,,,,,,,,,,,,,,,,,,,,,,,,,,,,,,,,,,,,,,,,,,,,,,,,,,,,,,,,,,,,,,,,,,,,,,,,,,,,,,197102.8354,,,,,,,,,,,,,,,,,,,,,,503091.7388,,,,,,,,,,,,,,,,,,,,,,,,,,,,,,,,,,,205284.1383,,,423729.9928,,,,,,,,,,,,,,,,,,,,,,,,,,,232273.6305,,,,,,,,,,,,,,,,,,,,,
ART4,Syncom_20_D,,,,,,,,3826586.53,,,,,,756315.5616,,,,,,,,,,,,,,,,,,,,,,,,,,,476822.1615,,,,,,,,,,,,,,,,,,,,,,,,,,,,,,,,,,,,,,,,,,,,,,,,,,,,,,,,,,,,,,,,,,,,,,,,,,,,,,,,,,,,,,,,,,,87543.90512,,,,,,,,,,,,,,,,,,,,,,,,,,,,,,,,,,,,,,,,,,,,,,,,,,,,,,380542.2505,,,,,,,,,,,,,,,,,,,,,,,,,,,,,,,,,,,,,,129004.2549,,,,,,,,,,,,,,,,,,,,,,,,,,,,,,,,,,,,,,,,,,,,,,,,
aci1,Syncom_3_D,,,,,,,,,,,,,,,,,,,,,,,,,,,,,,,,,,,,,,,,,964095.1493,,,,,,,,,,,,,,,,,,,,,,,,,,,,,,,,,,,,,,,,,,,,,,,,,,,,,,,,,,,,,,,,,,,,,,,,,,,,,,,,,,,,,,,,,,,,,,,,,,,,,,,,,,,,,,,,,,,,,,,,,,,,,,,,,,,,,,,,,,,,,,,,,504810.6804,,,,,,,,,,,,,,,,,,,,,,,,,,,,,,,,,,,,,,,,,,,,,,,,,,,,,,,,,,,,,,,,,,,,,,,,,,,,,,,,,,,,,,
aci2,Syncom_4_D,,,,,,,,1064619.116,,,,,,,,,,,,,,,,,,,,,,,,,,,,,,,,,,,,,,,,,,,,,,,,,,,,,,,,,,,,,,,,,,,,,,,,,,,,,,,,,,,,,,,,,,,,,,,,,,,,,,,,,,,,,,,,,,,,,,,,,,,,,,,,,,,,,,,,,,,,,,,,,,,,,,,,,,,,,,,,,,,,,,,,,,,,,,,,,,504883.8093,,,,,,,,,,,,,,,,,,,,,,,,,,,,,,,,,,,,,,,,,,,,,,,,,,,,,,,,,,,,,,,,,11121313.42,,,,3365927.644,,,,,,,,,,,,,,,,,
ACI1,Syncom_5_D,,,,,,,,,,,,,,,,,,,,,,,,,,,,,,,,,,,,,,,,,,,,,,,,,,,,,,,,,,,,,,,,,,,,,,,,,,,,,,,,,,,,,,,,,,,,,,,,,,,,,,,,,,,,,,,,,,,,,,,,,,,,,,,,,,,,,,,,,,,,,,,,,,,,,,,,,,,,,,,,,,,,,,,,,,,,,,,,,,,,,,,,,,279801.5674,,,,,,,,,,,,,,,,,,,,,,,,,,,,,,,,,,,,,276388.0038,,,,,,,,,,,,,,,,,,,,,,,,,,,,,,,,,,,,,,,,,,,,,,,,,
ACI2,Syncom_6_D,,,,,,,,,,,,,,1001148.758,,,,,,,,,,,,,,,,,,,,,,,,,,,,,,,,,,,,,,,,,,,,,,,,,,,,,,,,,,,,,,,,,,,,,,,,,,,,,,,,,,,,,,,,,,,,,,,,,,,,,,,,,,,,,,,,,,,,,,,,,,,,,,,,,,,,,,,,,,,,,,,,,,,,,,,,,,,,,,,,,,,,,,,,,,,,410012.1245,,,,,,,,,,,,,,,,,,,,,,,,,,,,,,,,,,,,,,,,,,,,,,,,,,,,,,,,,,,,,,,,,10827624.65,,,,,,,,,,,,,,,,,,,,,
ACI3,Syncom_7_D,,,,,,,,146130.4392,,,,,,279610.875,,,,,,,,,,,,,,,,,,,,,,,,,,,238467.935,,,,,,,,,,,,,,,,,,,,,,,,,,,,,,,,,,,,,,,,,,,,,,,,58266.09515,,,,,,,,,,,,,,,,,,,122834.6469,,,,,,,,,,,,,,,,,,,,,97225.6726,,,,,,,,,,,,,,,,,,,,,,,,,,,,,,,,,,,92794.85418,,,,,,,,,,,,,,,,,,,,,,396888.3028,,,,,,,,130625.5215,,167728.3519,,,,,,,,,,,,,,,,,,,,,,,,,190556.3233,,,266964.2454,,,,,,,,,,,,,,,,,,,,,,,,,,,10847702.72,,,,,,,,,,,,61615.88099,,,,,,,,,
ACI4,Syncom_8_D,,,,,,,,3497913.439,,,,,,,,,,,,,,,,,,,,237356.2445,,,,,,,,,,,,,,,,,,,,,,,,,,,,,,,,,,,,,,,,,,,,,,,,,,,,,,,,,,,,,78237.25293,,,,,,,,,,,,,,,,,,,149194.5429,,,,,,,,,,,,,,,,,,,,,,,,,,,,,,,,,,,,,,,,,,,,,,,,,,,,,,,,101346.9737,,,,,,,,,,,116564.1794,,,,,,,,,,,484297.8514,,,,,,,,261168.2323,,,,,,,,,,,,,,,,,,,,,,,,,,,203595.7721,,,295878.2136,,,,,,,,,,,,,,,,,,,,,,,,,237900.8049,,10968158.18,,,,,,,,,,,,77157.12407,,,,,,,,,
ACI5,Syncom_9_D,,,,,,,,4134324.653,,,,,,144518.8194,,,,,,,,,,,,,,,,,,,,,,,,,,,,,,,,,,,,,,,,,,,,,,,,,,,,,,,,,,,,,,,,,,,,,,,,,,,,,,,,,,,,,,,,,,,,,,134845,,,,,,,,,,,,,,,,,,,,,,,,,,,,,,,,,,,,,,,,,,,,,,,,,,,,,,,,65400.41192,,,,,,,,,,,,,,,,,,,,,,362307.2636,,,,,,,,,,,,,,,,,,,,,,,,,,,,,,,,,,,155081.3792,,,239041.9839,,,,,,,,,,,,,,,,,,,,,,,,,,,7480578.379,,,,,,,,,,,,,,,,,,,,,